INSERT INTO public.farmaco (id, confezione, nome_farmaco, principio_attivo)
VALUES (1, 'FIASP*flextouch 5 penne 100 u/ml 3 ml',
        'INSULINA ASPART FASTER 300UI', 'Insulina aspart'),
       (2, 'TRESIBA*FLEXTOUCH SC 5 penne preriemp 3 ml 100 U/ml',
        'INSULINA DEGLUDEC 300U 3ML', 'Insulina degludec'),
       (3, 'LANTUS*1 flaconcino SC 1.000 U 10 ml',
        'INSULINA GLARGINE 1.000UI', 'Insulina glargine'),
       (4, 'HUMALOG*MIX 25 1 fiala SC 10 ml 100 U/ml',
        'INSULINA LISPRO DA DNA RICOMBINANTE',
        'Insulina lispro da DNA ricomb/insulina lispro protamina')
ON CONFLICT DO NOTHING;

INSERT INTO public.admin (codice_fiscale, cognome, data_nascita, email, indirizzo, nome, password,
                          sesso, telefono)
VALUES ('RSSMRA80A01F205X', 'Rossi', '1980-01-01', 'admin@glucoseguardian.it',
        'Corso Como 102, Milano', 'Mario',
        'a12f77ccfde0b68bfcfdf8da3f554872fd75d0e2c0d33a490753231e89ce34a0b30212f2b9e78681f6254551d3ff1b27',
        'M', '+393334445556')
ON CONFLICT DO NOTHING;

INSERT INTO public.dottore (codice_fiscale, codice_albo, cognome, data_nascita, email, indirizzo,
                            indirizzo_struttura, nome, nome_struttura, password, sesso,
                            specializzazione, stato, telefono, totp_key, convalidato_da)
VALUES ('BNCLDA72E17A535H', 'NA1234', 'Bianchi', '1972-05-17', 'dottore2@glucoseguardian.it',
        'Pozzuoli, Corso umberto 51', 'Capaccio Paestum, Via Tavernelle 5', 'Aldo',
        'Clinica Cilento',
        'a12f77ccfde0b68bfcfdf8da3f554872fd75d0e2c0d33a490753231e89ce34a0b30212f2b9e78681f6254551d3ff1b27',
        'M', 'endocrinologo', 0, '+393346667770', null, null),
       ('RSSNTN90A01H703B', 'SA2345', 'Russo', '1990-01-01', 'dottore@glucoseguardian.it',
        'Salerno Via Roma 52', 'Salerno, Via Diaz 10', 'Antonio', 'Casa di Cura',
        'a12f77ccfde0b68bfcfdf8da3f554872fd75d0e2c0d33a490753231e89ce34a0b30212f2b9e78681f6254551d3ff1b27',
        'M', 'diabetologo', 1, '+393335554441', null, 'RSSMRA80A01F205X')
ON CONFLICT DO NOTHING;


INSERT INTO public.paziente (codice_fiscale, cognome, comorbilita, data_nascita, email,
                             farmaci_assunti, indirizzo, nome, password, periodo_di_monitoraggio,
                             sesso, telefono, tipo_diabete, totp_key, dottore)
VALUES ('MRTLDA01L55C514M', 'Aldi', 'Tonsillite', '2001-07-15', 'paziente2@glucoseguardian.it',
        'Antibiotico a base di amoxicilina', 'Cerignola, Via San Samuele 10', 'Martina',
        'a12f77ccfde0b68bfcfdf8da3f554872fd75d0e2c0d33a490753231e89ce34a0b30212f2b9e78681f6254551d3ff1b27',
        3, 'F', '+393333333333', 'tipo 1', 'KEVK3WTVT36MH7BG', 'RSSNTN90A01H703B'),
       ('MRACMB95A13A717X', 'Colombo', 'Nulla', '1995-01-13', 'paziente@glucoseguardian.it',
        'Nessuno', 'Battipaglia, via Mazzini 4', 'Mario',
        'a12f77ccfde0b68bfcfdf8da3f554872fd75d0e2c0d33a490753231e89ce34a0b30212f2b9e78681f6254551d3ff1b27',
        7, 'M', '+393446667789', 'tipo 2', null, 'RSSNTN90A01H703B')
ON CONFLICT DO NOTHING;

INSERT INTO public.numero_telefono (id, numero, paziente)
VALUES (1, '+393663333333', 'MRTLDA01L55C514M'),
       (2, '+393444444444', 'MRTLDA01L55C514M'),
       (3, '+393333333339', 'MRACMB95A13A717X')
ON CONFLICT DO NOTHING;

INSERT INTO public.terapia (id, data_inizio, dottore, paziente)
VALUES (1, '2023-02-05', 'RSSNTN90A01H703B', 'MRTLDA01L55C514M'),
       (2, '2023-01-01', 'RSSNTN90A01H703B', 'MRACMB95A13A717X')
ON CONFLICT DO NOTHING;

INSERT INTO public.assunzione_farmaco (id, dosaggio, note_aggiuntive, orario_assunzione,
                                       via_di_somministrazione, farmaco, terapia)
VALUES (1, '3 ml', 'prima dei pasti', '12:00:00', 'parenterale', 1, 1),
       (2, '3 ml', 'prima dei pasti', '20:00:00', 'parenterale', 1, 1),
       (3, '1 ml', 'prima di colazione', '08:00:00', 'parenterale', 3, 2)
ON CONFLICT DO NOTHING;

INSERT INTO public.tutore (codice_fiscale, cognome, data_nascita, email, indirizzo, nome, password,
                           sesso, telefono)
VALUES ('TTOGNN65M07G273H', 'OTTO', '1965-08-07', 'tutore@glucoseguardian.it',
        'Palermo Corso Vittorio Emanuele 10', 'GIANNI',
        'a12f77ccfde0b68bfcfdf8da3f554872fd75d0e2c0d33a490753231e89ce34a0b30212f2b9e78681f6254551d3ff1b27',
        'M', '+390919994466')
ON CONFLICT DO NOTHING;


INSERT INTO public.paziente_tutore (paziente, tutore)
VALUES ('MRTLDA01L55C514M', 'TTOGNN65M07G273H'),
       ('MRACMB95A13A717X', 'TTOGNN65M07G273H')
ON CONFLICT DO NOTHING;

INSERT INTO public.feedback (id, data, dolori, ora, ore_sonno, stato_salute, svenimenti, dottore,
                             paziente)
VALUES (1, '2023-02-06', 'Nessuno in particolare', '08:12:00',
        'Ho dormito regolarmente 8 ore al giorno.', 'Un po'' di mal di testa, ma nulla di grave',
        'Nessuno', 'RSSNTN90A01H703B', 'MRTLDA01L55C514M'),
       (2, '2023-02-09', 'Nulla', '09:45:00', 'Ho dormito regolarmente 10 ore al giorno.',
        'Un po'' di mal di testa, ma nulla di grave', 'Nessuno', 'RSSNTN90A01H703B',
        'MRACMB95A13A717X')
ON CONFLICT DO NOTHING;

INSERT INTO public.notifica (id, data, messaggio, ora, stato, admin_destinatario,
                             dottore_destinatario, paziente_destinatario, paziente_oggetto,
                             tutore_destinatario)
VALUES (1, '2022-02-05', 'Nuovo dottore da convalidare: dottore2@glucoseguardian.it', '07:55:00', 2,
        'RSSMRA80A01F205X', null, null, null, null),
       (2, '2022-02-05', 'Nuovo dottore da convalidare: dottore@glucoseguardian.it', '16:55:00', 4,
        'RSSMRA80A01F205X', null, null, null, null),
       (3, '2022-02-05', 'Alerta glicemia elevata!', '08:05:00', 2, null, 'RSSNTN90A01H703B', null,
        'MRTLDA01L55C514M', null),
       (4, '2022-02-05', 'Alerta glicemia elevata!', '08:05:00', 2, null, null, null,
        'MRTLDA01L55C514M', 'TTOGNN65M07G273H')
ON CONFLICT DO NOTHING;

INSERT INTO public.glicemia (id, data_ora, livello_glucosio, paziente)
VALUES (1, '2023-02-09 15:29:15.000000', 40, 'MRTLDA01L55C514M'),
       (2, '2023-02-09 15:31:15.000000', 40, 'MRTLDA01L55C514M'),
       (3, '2023-02-09 15:33:15.000000', 40, 'MRACMB95A13A717X'),
       (4, '2023-02-09 15:35:15.000000', 40, 'MRACMB95A13A717X'),
       (5, '2023-02-09 15:37:15.000000', 40, 'MRACMB95A13A717X'),
       (6, '2023-02-09 15:39:15.000000', 40, 'MRACMB95A13A717X'),
       (7, '2023-02-09 15:41:15.000000', 40, 'MRACMB95A13A717X'),
       (8, '2023-02-09 15:43:15.000000', 40, 'MRACMB95A13A717X'),
       (9, '2023-02-09 15:45:15.000000', 41, 'MRACMB95A13A717X'),
       (10, '2023-02-09 15:47:15.000000', 41, 'MRACMB95A13A717X'),
       (11, '2023-02-09 15:49:15.000000', 41, 'MRTLDA01L55C514M'),
       (12, '2023-02-09 15:51:15.000000', 41, 'MRTLDA01L55C514M'),
       (13, '2023-02-09 15:53:15.000000', 41, 'MRACMB95A13A717X'),
       (14, '2023-02-09 15:55:15.000000', 41, 'MRTLDA01L55C514M'),
       (15, '2023-02-09 15:57:15.000000', 41, 'MRTLDA01L55C514M'),
       (16, '2023-02-09 15:59:15.000000', 42, 'MRTLDA01L55C514M'),
       (17, '2023-02-09 16:01:15.000000', 42, 'MRACMB95A13A717X'),
       (18, '2023-02-09 16:03:15.000000', 42, 'MRTLDA01L55C514M'),
       (19, '2023-02-09 16:05:15.000000', 42, 'MRACMB95A13A717X'),
       (20, '2023-02-09 16:07:15.000000', 42, 'MRACMB95A13A717X'),
       (21, '2023-02-09 16:09:15.000000', 42, 'MRTLDA01L55C514M'),
       (22, '2023-02-09 16:11:15.000000', 43, 'MRTLDA01L55C514M'),
       (23, '2023-02-09 16:13:15.000000', 43, 'MRACMB95A13A717X'),
       (24, '2023-02-09 16:15:15.000000', 43, 'MRACMB95A13A717X'),
       (25, '2023-02-09 16:17:15.000000', 43, 'MRACMB95A13A717X'),
       (26, '2023-02-09 16:19:15.000000', 43, 'MRACMB95A13A717X'),
       (27, '2023-02-09 16:21:15.000000', 43, 'MRTLDA01L55C514M'),
       (28, '2023-02-09 16:23:15.000000', 44, 'MRACMB95A13A717X'),
       (29, '2023-02-09 16:25:15.000000', 44, 'MRTLDA01L55C514M'),
       (30, '2023-02-09 16:27:15.000000', 44, 'MRTLDA01L55C514M'),
       (31, '2023-02-09 16:29:15.000000', 44, 'MRACMB95A13A717X'),
       (32, '2023-02-09 16:31:15.000000', 44, 'MRTLDA01L55C514M'),
       (33, '2023-02-09 16:33:15.000000', 44, 'MRTLDA01L55C514M'),
       (34, '2023-02-09 16:35:15.000000', 44, 'MRACMB95A13A717X'),
       (35, '2023-02-09 16:37:15.000000', 45, 'MRACMB95A13A717X'),
       (36, '2023-02-09 16:39:15.000000', 45, 'MRTLDA01L55C514M'),
       (37, '2023-02-09 16:41:15.000000', 45, 'MRTLDA01L55C514M'),
       (38, '2023-02-09 16:43:15.000000', 45, 'MRTLDA01L55C514M'),
       (39, '2023-02-09 16:45:15.000000', 45, 'MRTLDA01L55C514M'),
       (40, '2023-02-09 16:47:15.000000', 45, 'MRTLDA01L55C514M'),
       (41, '2023-02-09 16:49:15.000000', 45, 'MRTLDA01L55C514M'),
       (42, '2023-02-09 16:51:15.000000', 45, 'MRACMB95A13A717X'),
       (43, '2023-02-09 16:53:15.000000', 45, 'MRACMB95A13A717X'),
       (44, '2023-02-09 16:55:15.000000', 46, 'MRACMB95A13A717X'),
       (45, '2023-02-09 16:57:15.000000', 46, 'MRTLDA01L55C514M'),
       (46, '2023-02-09 16:59:15.000000', 46, 'MRTLDA01L55C514M'),
       (47, '2023-02-09 17:01:15.000000', 46, 'MRTLDA01L55C514M'),
       (48, '2023-02-09 17:03:15.000000', 46, 'MRTLDA01L55C514M'),
       (49, '2023-02-09 17:05:15.000000', 46, 'MRTLDA01L55C514M'),
       (50, '2023-02-09 17:07:15.000000', 46, 'MRACMB95A13A717X'),
       (51, '2023-02-09 17:09:15.000000', 46, 'MRTLDA01L55C514M'),
       (52, '2023-02-09 17:11:15.000000', 46, 'MRTLDA01L55C514M'),
       (53, '2023-02-09 17:13:15.000000', 47, 'MRTLDA01L55C514M'),
       (54, '2023-02-09 17:15:15.000000', 47, 'MRTLDA01L55C514M'),
       (55, '2023-02-09 17:17:15.000000', 47, 'MRACMB95A13A717X'),
       (56, '2023-02-09 17:19:15.000000', 47, 'MRACMB95A13A717X'),
       (57, '2023-02-09 17:21:15.000000', 47, 'MRACMB95A13A717X'),
       (58, '2023-02-09 17:23:15.000000', 47, 'MRACMB95A13A717X'),
       (59, '2023-02-09 17:25:15.000000', 47, 'MRTLDA01L55C514M'),
       (60, '2023-02-09 17:27:15.000000', 47, 'MRACMB95A13A717X'),
       (61, '2023-02-09 17:29:15.000000', 47, 'MRACMB95A13A717X'),
       (62, '2023-02-09 17:31:15.000000', 47, 'MRTLDA01L55C514M'),
       (63, '2023-02-09 17:33:15.000000', 48, 'MRACMB95A13A717X'),
       (64, '2023-02-09 17:35:15.000000', 48, 'MRACMB95A13A717X'),
       (65, '2023-02-09 17:37:15.000000', 48, 'MRACMB95A13A717X'),
       (66, '2023-02-09 17:39:15.000000', 48, 'MRACMB95A13A717X'),
       (67, '2023-02-09 17:41:15.000000', 48, 'MRTLDA01L55C514M'),
       (68, '2023-02-09 17:43:15.000000', 48, 'MRACMB95A13A717X'),
       (69, '2023-02-09 17:45:15.000000', 48, 'MRTLDA01L55C514M'),
       (70, '2023-02-09 17:47:15.000000', 48, 'MRACMB95A13A717X'),
       (71, '2023-02-09 17:49:15.000000', 48, 'MRACMB95A13A717X'),
       (72, '2023-02-09 17:51:15.000000', 48, 'MRACMB95A13A717X'),
       (73, '2023-02-09 17:53:15.000000', 48, 'MRACMB95A13A717X'),
       (74, '2023-02-09 17:55:15.000000', 48, 'MRACMB95A13A717X'),
       (75, '2023-02-09 17:57:15.000000', 49, 'MRACMB95A13A717X'),
       (76, '2023-02-09 17:59:15.000000', 49, 'MRTLDA01L55C514M'),
       (77, '2023-02-09 18:01:15.000000', 49, 'MRACMB95A13A717X'),
       (78, '2023-02-09 18:03:15.000000', 49, 'MRTLDA01L55C514M'),
       (79, '2023-02-09 18:05:15.000000', 49, 'MRACMB95A13A717X'),
       (80, '2023-02-09 18:07:15.000000', 49, 'MRACMB95A13A717X'),
       (81, '2023-02-09 18:09:15.000000', 49, 'MRTLDA01L55C514M'),
       (82, '2023-02-09 18:11:15.000000', 49, 'MRTLDA01L55C514M'),
       (83, '2023-02-09 18:13:15.000000', 49, 'MRTLDA01L55C514M'),
       (84, '2023-02-09 18:15:15.000000', 50, 'MRACMB95A13A717X'),
       (85, '2023-02-09 18:17:15.000000', 50, 'MRACMB95A13A717X'),
       (86, '2023-02-09 18:19:15.000000', 50, 'MRACMB95A13A717X'),
       (87, '2023-02-09 18:21:15.000000', 50, 'MRACMB95A13A717X'),
       (88, '2023-02-09 18:23:15.000000', 50, 'MRACMB95A13A717X'),
       (89, '2023-02-09 18:25:15.000000', 50, 'MRTLDA01L55C514M'),
       (90, '2023-02-09 18:27:15.000000', 50, 'MRACMB95A13A717X'),
       (91, '2023-02-09 18:29:15.000000', 50, 'MRTLDA01L55C514M'),
       (92, '2023-02-09 18:31:15.000000', 50, 'MRTLDA01L55C514M'),
       (93, '2023-02-09 18:33:15.000000', 50, 'MRACMB95A13A717X'),
       (94, '2023-02-09 18:35:15.000000', 51, 'MRTLDA01L55C514M'),
       (95, '2023-02-09 18:37:15.000000', 51, 'MRACMB95A13A717X'),
       (96, '2023-02-09 18:39:15.000000', 51, 'MRTLDA01L55C514M'),
       (97, '2023-02-09 18:41:15.000000', 51, 'MRTLDA01L55C514M'),
       (98, '2023-02-09 18:43:15.000000', 51, 'MRTLDA01L55C514M'),
       (99, '2023-02-09 18:45:15.000000', 51, 'MRTLDA01L55C514M'),
       (100, '2023-02-09 18:47:15.000000', 51, 'MRTLDA01L55C514M'),
       (101, '2023-02-09 18:49:15.000000', 51, 'MRTLDA01L55C514M'),
       (102, '2023-02-09 18:51:15.000000', 52, 'MRACMB95A13A717X'),
       (103, '2023-02-09 18:53:15.000000', 52, 'MRTLDA01L55C514M'),
       (104, '2023-02-09 18:55:15.000000', 52, 'MRTLDA01L55C514M'),
       (105, '2023-02-09 18:57:15.000000', 52, 'MRTLDA01L55C514M'),
       (106, '2023-02-09 18:59:15.000000', 52, 'MRACMB95A13A717X'),
       (107, '2023-02-09 19:01:15.000000', 52, 'MRTLDA01L55C514M'),
       (108, '2023-02-09 19:03:15.000000', 52, 'MRACMB95A13A717X'),
       (109, '2023-02-09 19:05:15.000000', 52, 'MRTLDA01L55C514M'),
       (110, '2023-02-09 19:07:15.000000', 53, 'MRACMB95A13A717X'),
       (111, '2023-02-09 19:09:15.000000', 53, 'MRTLDA01L55C514M'),
       (112, '2023-02-09 19:11:15.000000', 53, 'MRACMB95A13A717X'),
       (113, '2023-02-09 19:13:15.000000', 53, 'MRACMB95A13A717X'),
       (114, '2023-02-09 19:15:15.000000', 53, 'MRTLDA01L55C514M'),
       (115, '2023-02-09 19:17:15.000000', 53, 'MRACMB95A13A717X'),
       (116, '2023-02-09 19:19:15.000000', 53, 'MRACMB95A13A717X'),
       (117, '2023-02-09 19:21:15.000000', 54, 'MRACMB95A13A717X'),
       (118, '2023-02-09 19:23:15.000000', 54, 'MRACMB95A13A717X'),
       (119, '2023-02-09 19:25:15.000000', 54, 'MRTLDA01L55C514M'),
       (120, '2023-02-09 19:27:15.000000', 54, 'MRTLDA01L55C514M'),
       (121, '2023-02-09 19:29:15.000000', 54, 'MRTLDA01L55C514M'),
       (122, '2023-02-09 19:31:15.000000', 54, 'MRACMB95A13A717X'),
       (123, '2023-02-09 19:33:15.000000', 54, 'MRTLDA01L55C514M'),
       (124, '2023-02-09 19:35:15.000000', 55, 'MRACMB95A13A717X'),
       (125, '2023-02-09 19:37:15.000000', 55, 'MRACMB95A13A717X'),
       (126, '2023-02-09 19:39:15.000000', 55, 'MRTLDA01L55C514M'),
       (127, '2023-02-09 19:41:15.000000', 55, 'MRACMB95A13A717X'),
       (128, '2023-02-09 19:43:15.000000', 55, 'MRTLDA01L55C514M'),
       (129, '2023-02-09 19:45:15.000000', 55, 'MRACMB95A13A717X'),
       (130, '2023-02-09 19:47:15.000000', 55, 'MRTLDA01L55C514M'),
       (131, '2023-02-09 19:49:15.000000', 55, 'MRACMB95A13A717X'),
       (132, '2023-02-09 19:51:15.000000', 55, 'MRTLDA01L55C514M'),
       (133, '2023-02-09 19:53:15.000000', 55, 'MRTLDA01L55C514M'),
       (134, '2023-02-09 19:55:15.000000', 55, 'MRACMB95A13A717X'),
       (135, '2023-02-09 19:57:15.000000', 55, 'MRACMB95A13A717X'),
       (136, '2023-02-09 19:59:15.000000', 55, 'MRTLDA01L55C514M'),
       (137, '2023-02-09 20:01:15.000000', 55, 'MRTLDA01L55C514M'),
       (138, '2023-02-09 20:03:15.000000', 55, 'MRTLDA01L55C514M'),
       (139, '2023-02-09 20:05:15.000000', 56, 'MRTLDA01L55C514M'),
       (140, '2023-02-09 20:07:15.000000', 56, 'MRACMB95A13A717X'),
       (141, '2023-02-09 20:09:15.000000', 56, 'MRACMB95A13A717X'),
       (142, '2023-02-09 20:11:15.000000', 56, 'MRACMB95A13A717X'),
       (143, '2023-02-09 20:13:15.000000', 56, 'MRTLDA01L55C514M'),
       (144, '2023-02-09 20:15:15.000000', 56, 'MRACMB95A13A717X'),
       (145, '2023-02-09 20:17:15.000000', 56, 'MRACMB95A13A717X'),
       (146, '2023-02-09 20:19:15.000000', 56, 'MRACMB95A13A717X'),
       (147, '2023-02-09 20:21:15.000000', 56, 'MRTLDA01L55C514M'),
       (148, '2023-02-09 20:23:15.000000', 57, 'MRACMB95A13A717X'),
       (149, '2023-02-09 20:25:15.000000', 57, 'MRTLDA01L55C514M'),
       (150, '2023-02-09 20:27:15.000000', 57, 'MRACMB95A13A717X'),
       (151, '2023-02-09 20:29:15.000000', 57, 'MRACMB95A13A717X'),
       (152, '2023-02-09 20:31:15.000000', 57, 'MRACMB95A13A717X'),
       (153, '2023-02-09 20:33:15.000000', 57, 'MRTLDA01L55C514M'),
       (154, '2023-02-09 20:35:15.000000', 57, 'MRACMB95A13A717X'),
       (155, '2023-02-09 20:37:15.000000', 57, 'MRACMB95A13A717X'),
       (156, '2023-02-09 20:39:15.000000', 57, 'MRTLDA01L55C514M'),
       (157, '2023-02-09 20:41:15.000000', 58, 'MRACMB95A13A717X'),
       (158, '2023-02-09 20:43:15.000000', 58, 'MRTLDA01L55C514M'),
       (159, '2023-02-09 20:45:15.000000', 58, 'MRTLDA01L55C514M'),
       (160, '2023-02-09 20:47:15.000000', 58, 'MRTLDA01L55C514M'),
       (161, '2023-02-09 20:49:15.000000', 58, 'MRTLDA01L55C514M'),
       (162, '2023-02-09 20:51:15.000000', 58, 'MRTLDA01L55C514M'),
       (163, '2023-02-09 20:53:15.000000', 58, 'MRACMB95A13A717X'),
       (164, '2023-02-09 20:55:15.000000', 58, 'MRACMB95A13A717X'),
       (165, '2023-02-09 20:57:15.000000', 58, 'MRACMB95A13A717X'),
       (166, '2023-02-09 20:59:15.000000', 58, 'MRACMB95A13A717X'),
       (167, '2023-02-09 21:01:15.000000', 59, 'MRTLDA01L55C514M'),
       (168, '2023-02-09 21:03:15.000000', 59, 'MRTLDA01L55C514M'),
       (169, '2023-02-09 21:05:15.000000', 59, 'MRTLDA01L55C514M'),
       (170, '2023-02-09 21:07:15.000000', 59, 'MRACMB95A13A717X'),
       (171, '2023-02-09 21:09:15.000000', 59, 'MRACMB95A13A717X'),
       (172, '2023-02-09 21:11:15.000000', 59, 'MRTLDA01L55C514M'),
       (173, '2023-02-09 21:13:15.000000', 59, 'MRTLDA01L55C514M'),
       (174, '2023-02-09 21:15:15.000000', 59, 'MRTLDA01L55C514M'),
       (175, '2023-02-09 21:17:15.000000', 60, 'MRACMB95A13A717X'),
       (176, '2023-02-09 21:19:15.000000', 60, 'MRACMB95A13A717X'),
       (177, '2023-02-09 21:21:15.000000', 60, 'MRACMB95A13A717X'),
       (178, '2023-02-09 21:23:15.000000', 60, 'MRTLDA01L55C514M'),
       (179, '2023-02-09 21:25:15.000000', 60, 'MRACMB95A13A717X'),
       (180, '2023-02-09 21:27:15.000000', 60, 'MRACMB95A13A717X'),
       (181, '2023-02-09 21:29:15.000000', 60, 'MRACMB95A13A717X'),
       (182, '2023-02-09 21:31:15.000000', 60, 'MRTLDA01L55C514M'),
       (183, '2023-02-09 21:33:15.000000', 60, 'MRACMB95A13A717X'),
       (184, '2023-02-09 21:35:15.000000', 60, 'MRACMB95A13A717X'),
       (185, '2023-02-09 21:37:15.000000', 60, 'MRTLDA01L55C514M'),
       (186, '2023-02-09 21:39:15.000000', 60, 'MRACMB95A13A717X'),
       (187, '2023-02-09 21:41:15.000000', 60, 'MRACMB95A13A717X'),
       (188, '2023-02-09 21:43:15.000000', 60, 'MRTLDA01L55C514M'),
       (189, '2023-02-09 21:45:15.000000', 60, 'MRTLDA01L55C514M'),
       (190, '2023-02-09 21:47:15.000000', 60, 'MRACMB95A13A717X'),
       (191, '2023-02-09 21:49:15.000000', 60, 'MRACMB95A13A717X'),
       (192, '2023-02-09 21:51:15.000000', 61, 'MRTLDA01L55C514M'),
       (193, '2023-02-09 21:53:15.000000', 61, 'MRTLDA01L55C514M'),
       (194, '2023-02-09 21:55:15.000000', 61, 'MRACMB95A13A717X'),
       (195, '2023-02-09 21:57:15.000000', 61, 'MRACMB95A13A717X'),
       (196, '2023-02-09 21:59:15.000000', 61, 'MRACMB95A13A717X'),
       (197, '2023-02-09 22:01:15.000000', 61, 'MRACMB95A13A717X'),
       (198, '2023-02-09 22:03:15.000000', 62, 'MRACMB95A13A717X'),
       (199, '2023-02-09 22:05:15.000000', 62, 'MRACMB95A13A717X'),
       (200, '2023-02-09 22:07:15.000000', 62, 'MRACMB95A13A717X'),
       (201, '2023-02-09 22:09:15.000000', 62, 'MRTLDA01L55C514M'),
       (202, '2023-02-09 22:11:15.000000', 62, 'MRTLDA01L55C514M'),
       (203, '2023-02-09 22:13:15.000000', 62, 'MRACMB95A13A717X'),
       (204, '2023-02-09 22:15:15.000000', 62, 'MRACMB95A13A717X'),
       (205, '2023-02-09 22:17:15.000000', 62, 'MRTLDA01L55C514M'),
       (206, '2023-02-09 22:19:15.000000', 62, 'MRTLDA01L55C514M'),
       (207, '2023-02-09 22:21:15.000000', 62, 'MRACMB95A13A717X'),
       (208, '2023-02-09 22:23:15.000000', 62, 'MRTLDA01L55C514M'),
       (209, '2023-02-09 22:25:15.000000', 62, 'MRTLDA01L55C514M'),
       (210, '2023-02-09 22:27:15.000000', 63, 'MRTLDA01L55C514M'),
       (211, '2023-02-09 22:29:15.000000', 63, 'MRTLDA01L55C514M'),
       (212, '2023-02-09 22:31:15.000000', 63, 'MRTLDA01L55C514M'),
       (213, '2023-02-09 22:33:15.000000', 63, 'MRTLDA01L55C514M'),
       (214, '2023-02-09 22:35:15.000000', 63, 'MRTLDA01L55C514M'),
       (215, '2023-02-09 22:37:15.000000', 63, 'MRACMB95A13A717X'),
       (216, '2023-02-09 22:39:15.000000', 64, 'MRTLDA01L55C514M'),
       (217, '2023-02-09 22:41:15.000000', 64, 'MRTLDA01L55C514M'),
       (218, '2023-02-09 22:43:15.000000', 64, 'MRTLDA01L55C514M'),
       (219, '2023-02-09 22:45:15.000000', 64, 'MRACMB95A13A717X'),
       (220, '2023-02-09 22:47:15.000000', 64, 'MRACMB95A13A717X'),
       (221, '2023-02-09 22:49:15.000000', 64, 'MRACMB95A13A717X'),
       (222, '2023-02-09 22:51:15.000000', 64, 'MRTLDA01L55C514M'),
       (223, '2023-02-09 22:53:15.000000', 64, 'MRTLDA01L55C514M'),
       (224, '2023-02-09 22:55:15.000000', 64, 'MRACMB95A13A717X'),
       (225, '2023-02-09 22:57:15.000000', 64, 'MRACMB95A13A717X'),
       (226, '2023-02-09 22:59:15.000000', 64, 'MRTLDA01L55C514M'),
       (227, '2023-02-09 23:01:15.000000', 64, 'MRACMB95A13A717X'),
       (228, '2023-02-09 23:03:15.000000', 65, 'MRACMB95A13A717X'),
       (229, '2023-02-09 23:05:15.000000', 65, 'MRACMB95A13A717X'),
       (230, '2023-02-09 23:07:15.000000', 65, 'MRACMB95A13A717X'),
       (231, '2023-02-09 23:09:15.000000', 65, 'MRACMB95A13A717X'),
       (232, '2023-02-09 23:11:15.000000', 65, 'MRACMB95A13A717X'),
       (233, '2023-02-09 23:13:15.000000', 65, 'MRACMB95A13A717X'),
       (234, '2023-02-09 23:15:15.000000', 65, 'MRACMB95A13A717X'),
       (235, '2023-02-09 23:17:15.000000', 65, 'MRTLDA01L55C514M'),
       (236, '2023-02-09 23:19:15.000000', 66, 'MRACMB95A13A717X'),
       (237, '2023-02-09 23:21:15.000000', 66, 'MRACMB95A13A717X'),
       (238, '2023-02-09 23:23:15.000000', 66, 'MRACMB95A13A717X'),
       (239, '2023-02-09 23:25:15.000000', 66, 'MRTLDA01L55C514M'),
       (240, '2023-02-09 23:27:15.000000', 66, 'MRACMB95A13A717X'),
       (241, '2023-02-09 23:29:15.000000', 66, 'MRACMB95A13A717X'),
       (242, '2023-02-09 23:31:15.000000', 67, 'MRTLDA01L55C514M'),
       (243, '2023-02-09 23:33:15.000000', 67, 'MRACMB95A13A717X'),
       (244, '2023-02-09 23:35:15.000000', 67, 'MRACMB95A13A717X'),
       (245, '2023-02-09 23:37:15.000000', 67, 'MRTLDA01L55C514M'),
       (246, '2023-02-09 23:39:15.000000', 67, 'MRACMB95A13A717X'),
       (247, '2023-02-09 23:41:15.000000', 67, 'MRACMB95A13A717X'),
       (248, '2023-02-09 23:43:15.000000', 68, 'MRACMB95A13A717X'),
       (249, '2023-02-09 23:45:15.000000', 68, 'MRTLDA01L55C514M'),
       (250, '2023-02-09 23:47:15.000000', 68, 'MRTLDA01L55C514M'),
       (251, '2023-02-09 23:49:15.000000', 68, 'MRACMB95A13A717X'),
       (252, '2023-02-09 23:51:15.000000', 68, 'MRTLDA01L55C514M'),
       (253, '2023-02-09 23:53:15.000000', 68, 'MRTLDA01L55C514M'),
       (254, '2023-02-09 23:55:15.000000', 68, 'MRACMB95A13A717X'),
       (255, '2023-02-09 23:57:15.000000', 68, 'MRACMB95A13A717X'),
       (256, '2023-02-09 23:59:15.000000', 68, 'MRTLDA01L55C514M'),
       (257, '2023-02-10 00:01:15.000000', 68, 'MRACMB95A13A717X'),
       (258, '2023-02-10 00:03:15.000000', 68, 'MRACMB95A13A717X'),
       (259, '2023-02-10 00:05:15.000000', 69, 'MRACMB95A13A717X'),
       (260, '2023-02-10 00:07:15.000000', 69, 'MRTLDA01L55C514M'),
       (261, '2023-02-10 00:09:15.000000', 69, 'MRACMB95A13A717X'),
       (262, '2023-02-10 00:11:15.000000', 69, 'MRTLDA01L55C514M'),
       (263, '2023-02-10 00:13:15.000000', 69, 'MRACMB95A13A717X'),
       (264, '2023-02-10 00:15:15.000000', 69, 'MRTLDA01L55C514M'),
       (265, '2023-02-10 00:17:15.000000', 69, 'MRACMB95A13A717X'),
       (266, '2023-02-10 00:19:15.000000', 69, 'MRACMB95A13A717X'),
       (267, '2023-02-10 00:21:15.000000', 69, 'MRTLDA01L55C514M'),
       (268, '2023-02-10 00:23:15.000000', 69, 'MRACMB95A13A717X'),
       (269, '2023-02-10 00:25:15.000000', 69, 'MRTLDA01L55C514M'),
       (270, '2023-02-10 00:27:15.000000', 69, 'MRTLDA01L55C514M'),
       (271, '2023-02-10 00:29:15.000000', 69, 'MRACMB95A13A717X'),
       (272, '2023-02-10 00:31:15.000000', 70, 'MRACMB95A13A717X'),
       (273, '2023-02-10 00:33:15.000000', 70, 'MRACMB95A13A717X'),
       (274, '2023-02-10 00:35:15.000000', 70, 'MRACMB95A13A717X'),
       (275, '2023-02-10 00:37:15.000000', 70, 'MRTLDA01L55C514M'),
       (276, '2023-02-10 00:39:15.000000', 70, 'MRTLDA01L55C514M'),
       (277, '2023-02-10 00:41:15.000000', 70, 'MRTLDA01L55C514M'),
       (278, '2023-02-10 00:43:15.000000', 71, 'MRACMB95A13A717X'),
       (279, '2023-02-10 00:45:15.000000', 71, 'MRTLDA01L55C514M'),
       (280, '2023-02-10 00:47:15.000000', 71, 'MRTLDA01L55C514M'),
       (281, '2023-02-10 00:49:15.000000', 71, 'MRACMB95A13A717X'),
       (282, '2023-02-10 00:51:15.000000', 71, 'MRTLDA01L55C514M'),
       (283, '2023-02-10 00:53:15.000000', 71, 'MRTLDA01L55C514M'),
       (284, '2023-02-10 00:55:15.000000', 71, 'MRTLDA01L55C514M'),
       (285, '2023-02-10 00:57:15.000000', 71, 'MRTLDA01L55C514M'),
       (286, '2023-02-10 00:59:15.000000', 72, 'MRACMB95A13A717X'),
       (287, '2023-02-10 01:01:15.000000', 72, 'MRTLDA01L55C514M'),
       (288, '2023-02-10 01:03:15.000000', 72, 'MRTLDA01L55C514M'),
       (289, '2023-02-10 01:05:15.000000', 72, 'MRACMB95A13A717X'),
       (290, '2023-02-10 01:07:15.000000', 72, 'MRACMB95A13A717X'),
       (291, '2023-02-10 01:09:15.000000', 72, 'MRTLDA01L55C514M'),
       (292, '2023-02-10 01:11:15.000000', 72, 'MRACMB95A13A717X'),
       (293, '2023-02-10 01:13:15.000000', 72, 'MRACMB95A13A717X'),
       (294, '2023-02-10 01:15:15.000000', 72, 'MRTLDA01L55C514M'),
       (295, '2023-02-10 01:17:15.000000', 73, 'MRTLDA01L55C514M'),
       (296, '2023-02-10 01:19:15.000000', 73, 'MRTLDA01L55C514M'),
       (297, '2023-02-10 01:21:15.000000', 73, 'MRTLDA01L55C514M'),
       (298, '2023-02-10 01:23:15.000000', 73, 'MRACMB95A13A717X'),
       (299, '2023-02-10 01:25:15.000000', 73, 'MRACMB95A13A717X'),
       (300, '2023-02-10 01:27:15.000000', 73, 'MRACMB95A13A717X'),
       (301, '2023-02-10 01:29:15.000000', 73, 'MRACMB95A13A717X'),
       (302, '2023-02-10 01:31:15.000000', 73, 'MRTLDA01L55C514M'),
       (303, '2023-02-10 01:33:15.000000', 74, 'MRTLDA01L55C514M'),
       (304, '2023-02-10 01:35:15.000000', 74, 'MRTLDA01L55C514M'),
       (305, '2023-02-10 01:37:15.000000', 74, 'MRACMB95A13A717X'),
       (306, '2023-02-10 01:39:15.000000', 74, 'MRTLDA01L55C514M'),
       (307, '2023-02-10 01:41:15.000000', 74, 'MRACMB95A13A717X'),
       (308, '2023-02-10 01:43:15.000000', 74, 'MRACMB95A13A717X'),
       (309, '2023-02-10 01:45:15.000000', 74, 'MRACMB95A13A717X'),
       (310, '2023-02-10 01:47:15.000000', 74, 'MRACMB95A13A717X'),
       (311, '2023-02-10 01:49:15.000000', 74, 'MRACMB95A13A717X'),
       (312, '2023-02-10 01:51:15.000000', 74, 'MRTLDA01L55C514M'),
       (313, '2023-02-10 01:53:15.000000', 75, 'MRTLDA01L55C514M'),
       (314, '2023-02-10 01:55:15.000000', 75, 'MRACMB95A13A717X'),
       (315, '2023-02-10 01:57:15.000000', 75, 'MRACMB95A13A717X'),
       (316, '2023-02-10 01:59:15.000000', 75, 'MRTLDA01L55C514M'),
       (317, '2023-02-10 02:01:15.000000', 75, 'MRACMB95A13A717X'),
       (318, '2023-02-10 02:03:15.000000', 75, 'MRACMB95A13A717X'),
       (319, '2023-02-10 02:05:15.000000', 75, 'MRTLDA01L55C514M'),
       (320, '2023-02-10 02:07:15.000000', 75, 'MRTLDA01L55C514M'),
       (321, '2023-02-10 02:09:15.000000', 76, 'MRTLDA01L55C514M'),
       (322, '2023-02-10 02:11:15.000000', 76, 'MRTLDA01L55C514M'),
       (323, '2023-02-10 02:13:15.000000', 76, 'MRTLDA01L55C514M'),
       (324, '2023-02-10 02:15:15.000000', 76, 'MRACMB95A13A717X'),
       (325, '2023-02-10 02:17:15.000000', 76, 'MRTLDA01L55C514M'),
       (326, '2023-02-10 02:19:15.000000', 76, 'MRTLDA01L55C514M'),
       (327, '2023-02-10 02:21:15.000000', 76, 'MRTLDA01L55C514M'),
       (328, '2023-02-10 02:23:15.000000', 76, 'MRACMB95A13A717X'),
       (329, '2023-02-10 02:25:15.000000', 76, 'MRACMB95A13A717X'),
       (330, '2023-02-10 02:27:15.000000', 76, 'MRACMB95A13A717X'),
       (331, '2023-02-10 02:29:15.000000', 76, 'MRTLDA01L55C514M'),
       (332, '2023-02-10 02:31:15.000000', 77, 'MRACMB95A13A717X'),
       (333, '2023-02-10 02:33:15.000000', 77, 'MRACMB95A13A717X'),
       (334, '2023-02-10 02:35:15.000000', 77, 'MRTLDA01L55C514M'),
       (335, '2023-02-10 02:37:15.000000', 77, 'MRACMB95A13A717X'),
       (336, '2023-02-10 02:39:15.000000', 77, 'MRTLDA01L55C514M'),
       (337, '2023-02-10 02:41:15.000000', 77, 'MRACMB95A13A717X'),
       (338, '2023-02-10 02:43:15.000000', 77, 'MRACMB95A13A717X'),
       (339, '2023-02-10 02:45:15.000000', 77, 'MRACMB95A13A717X'),
       (340, '2023-02-10 02:47:15.000000', 78, 'MRACMB95A13A717X'),
       (341, '2023-02-10 02:49:15.000000', 78, 'MRACMB95A13A717X'),
       (342, '2023-02-10 02:51:15.000000', 78, 'MRTLDA01L55C514M'),
       (343, '2023-02-10 02:53:15.000000', 78, 'MRTLDA01L55C514M'),
       (344, '2023-02-10 02:55:15.000000', 78, 'MRACMB95A13A717X'),
       (345, '2023-02-10 02:57:15.000000', 78, 'MRTLDA01L55C514M'),
       (346, '2023-02-10 02:59:15.000000', 78, 'MRACMB95A13A717X'),
       (347, '2023-02-10 03:01:15.000000', 78, 'MRACMB95A13A717X'),
       (348, '2023-02-10 03:03:15.000000', 78, 'MRTLDA01L55C514M'),
       (349, '2023-02-10 03:05:15.000000', 78, 'MRTLDA01L55C514M'),
       (350, '2023-02-10 03:07:15.000000', 79, 'MRTLDA01L55C514M'),
       (351, '2023-02-10 03:09:15.000000', 79, 'MRACMB95A13A717X'),
       (352, '2023-02-10 03:11:15.000000', 79, 'MRTLDA01L55C514M'),
       (353, '2023-02-10 03:13:15.000000', 79, 'MRTLDA01L55C514M'),
       (354, '2023-02-10 03:15:15.000000', 79, 'MRTLDA01L55C514M'),
       (355, '2023-02-10 03:17:15.000000', 79, 'MRTLDA01L55C514M'),
       (356, '2023-02-10 03:19:15.000000', 79, 'MRTLDA01L55C514M'),
       (357, '2023-02-10 03:21:15.000000', 79, 'MRTLDA01L55C514M'),
       (358, '2023-02-10 03:23:15.000000', 79, 'MRACMB95A13A717X'),
       (359, '2023-02-10 03:25:15.000000', 80, 'MRACMB95A13A717X'),
       (360, '2023-02-10 03:27:15.000000', 80, 'MRACMB95A13A717X'),
       (361, '2023-02-10 03:29:15.000000', 80, 'MRTLDA01L55C514M'),
       (362, '2023-02-10 03:31:15.000000', 80, 'MRTLDA01L55C514M'),
       (363, '2023-02-10 03:33:15.000000', 80, 'MRTLDA01L55C514M'),
       (364, '2023-02-10 03:35:15.000000', 80, 'MRTLDA01L55C514M'),
       (365, '2023-02-10 03:37:15.000000', 80, 'MRTLDA01L55C514M'),
       (366, '2023-02-10 03:39:15.000000', 80, 'MRACMB95A13A717X'),
       (367, '2023-02-10 03:41:15.000000', 80, 'MRTLDA01L55C514M'),
       (368, '2023-02-10 03:43:15.000000', 80, 'MRTLDA01L55C514M'),
       (369, '2023-02-10 03:45:15.000000', 81, 'MRACMB95A13A717X'),
       (370, '2023-02-10 03:47:15.000000', 81, 'MRACMB95A13A717X'),
       (371, '2023-02-10 03:49:15.000000', 81, 'MRACMB95A13A717X'),
       (372, '2023-02-10 03:51:15.000000', 81, 'MRACMB95A13A717X'),
       (373, '2023-02-10 03:53:15.000000', 81, 'MRACMB95A13A717X'),
       (374, '2023-02-10 03:55:15.000000', 81, 'MRTLDA01L55C514M'),
       (375, '2023-02-10 03:57:15.000000', 81, 'MRTLDA01L55C514M'),
       (376, '2023-02-10 03:59:15.000000', 81, 'MRTLDA01L55C514M'),
       (377, '2023-02-10 04:01:15.000000', 81, 'MRTLDA01L55C514M'),
       (378, '2023-02-10 04:03:15.000000', 82, 'MRACMB95A13A717X'),
       (379, '2023-02-10 04:05:15.000000', 82, 'MRTLDA01L55C514M'),
       (380, '2023-02-10 04:07:15.000000', 82, 'MRACMB95A13A717X'),
       (381, '2023-02-10 04:09:15.000000', 82, 'MRACMB95A13A717X'),
       (382, '2023-02-10 04:11:15.000000', 83, 'MRTLDA01L55C514M'),
       (383, '2023-02-10 04:13:15.000000', 83, 'MRACMB95A13A717X'),
       (384, '2023-02-10 04:15:15.000000', 83, 'MRTLDA01L55C514M'),
       (385, '2023-02-10 04:17:15.000000', 83, 'MRACMB95A13A717X'),
       (386, '2023-02-10 04:19:15.000000', 83, 'MRTLDA01L55C514M'),
       (387, '2023-02-10 04:21:15.000000', 83, 'MRACMB95A13A717X'),
       (388, '2023-02-10 04:23:15.000000', 83, 'MRTLDA01L55C514M'),
       (389, '2023-02-10 04:25:15.000000', 83, 'MRTLDA01L55C514M'),
       (390, '2023-02-10 04:27:15.000000', 84, 'MRTLDA01L55C514M'),
       (391, '2023-02-10 04:29:15.000000', 84, 'MRACMB95A13A717X'),
       (392, '2023-02-10 04:31:15.000000', 84, 'MRTLDA01L55C514M'),
       (393, '2023-02-10 04:33:15.000000', 84, 'MRACMB95A13A717X'),
       (394, '2023-02-10 04:35:15.000000', 84, 'MRACMB95A13A717X'),
       (395, '2023-02-10 04:37:15.000000', 84, 'MRTLDA01L55C514M'),
       (396, '2023-02-10 04:39:15.000000', 84, 'MRACMB95A13A717X'),
       (397, '2023-02-10 04:41:15.000000', 84, 'MRACMB95A13A717X'),
       (398, '2023-02-10 04:43:15.000000', 85, 'MRACMB95A13A717X'),
       (399, '2023-02-10 04:45:15.000000', 85, 'MRTLDA01L55C514M'),
       (400, '2023-02-10 04:47:15.000000', 85, 'MRTLDA01L55C514M'),
       (401, '2023-02-10 04:49:15.000000', 85, 'MRTLDA01L55C514M'),
       (402, '2023-02-10 04:51:15.000000', 85, 'MRACMB95A13A717X'),
       (403, '2023-02-10 04:53:15.000000', 85, 'MRACMB95A13A717X'),
       (404, '2023-02-10 04:55:15.000000', 86, 'MRTLDA01L55C514M'),
       (405, '2023-02-10 04:57:15.000000', 86, 'MRTLDA01L55C514M'),
       (406, '2023-02-10 04:59:15.000000', 86, 'MRACMB95A13A717X'),
       (407, '2023-02-10 05:01:15.000000', 86, 'MRTLDA01L55C514M'),
       (408, '2023-02-10 05:03:15.000000', 86, 'MRTLDA01L55C514M'),
       (409, '2023-02-10 05:05:15.000000', 86, 'MRACMB95A13A717X'),
       (410, '2023-02-10 05:07:15.000000', 87, 'MRACMB95A13A717X'),
       (411, '2023-02-10 05:09:15.000000', 87, 'MRACMB95A13A717X'),
       (412, '2023-02-10 05:11:15.000000', 87, 'MRTLDA01L55C514M'),
       (413, '2023-02-10 05:13:15.000000', 87, 'MRACMB95A13A717X'),
       (414, '2023-02-10 05:15:15.000000', 87, 'MRTLDA01L55C514M'),
       (415, '2023-02-10 05:17:15.000000', 87, 'MRACMB95A13A717X'),
       (416, '2023-02-10 05:19:15.000000', 87, 'MRACMB95A13A717X'),
       (417, '2023-02-10 05:21:15.000000', 87, 'MRTLDA01L55C514M'),
       (418, '2023-02-10 05:23:15.000000', 87, 'MRTLDA01L55C514M'),
       (419, '2023-02-10 05:25:15.000000', 88, 'MRACMB95A13A717X'),
       (420, '2023-02-10 05:27:15.000000', 88, 'MRTLDA01L55C514M'),
       (421, '2023-02-10 05:29:15.000000', 88, 'MRACMB95A13A717X'),
       (422, '2023-02-10 05:31:15.000000', 88, 'MRACMB95A13A717X'),
       (423, '2023-02-10 05:33:15.000000', 88, 'MRACMB95A13A717X'),
       (424, '2023-02-10 05:35:15.000000', 88, 'MRTLDA01L55C514M'),
       (425, '2023-02-10 05:37:15.000000', 88, 'MRACMB95A13A717X'),
       (426, '2023-02-10 05:39:15.000000', 88, 'MRACMB95A13A717X'),
       (427, '2023-02-10 05:41:15.000000', 89, 'MRTLDA01L55C514M'),
       (428, '2023-02-10 05:43:15.000000', 89, 'MRACMB95A13A717X'),
       (429, '2023-02-10 05:45:15.000000', 89, 'MRTLDA01L55C514M'),
       (430, '2023-02-10 05:47:15.000000', 89, 'MRACMB95A13A717X'),
       (431, '2023-02-10 05:49:15.000000', 89, 'MRACMB95A13A717X'),
       (432, '2023-02-10 05:51:15.000000', 89, 'MRACMB95A13A717X'),
       (433, '2023-02-10 05:53:15.000000', 89, 'MRTLDA01L55C514M'),
       (434, '2023-02-10 05:55:15.000000', 89, 'MRTLDA01L55C514M'),
       (435, '2023-02-10 05:57:15.000000', 89, 'MRACMB95A13A717X'),
       (436, '2023-02-10 05:59:15.000000', 90, 'MRTLDA01L55C514M'),
       (437, '2023-02-10 06:01:15.000000', 90, 'MRTLDA01L55C514M'),
       (438, '2023-02-10 06:03:15.000000', 90, 'MRTLDA01L55C514M'),
       (439, '2023-02-10 06:05:15.000000', 90, 'MRTLDA01L55C514M'),
       (440, '2023-02-10 06:07:15.000000', 90, 'MRTLDA01L55C514M'),
       (441, '2023-02-10 06:09:15.000000', 90, 'MRTLDA01L55C514M'),
       (442, '2023-02-10 06:11:15.000000', 90, 'MRACMB95A13A717X'),
       (443, '2023-02-10 06:13:15.000000', 90, 'MRTLDA01L55C514M'),
       (444, '2023-02-10 06:15:15.000000', 90, 'MRACMB95A13A717X'),
       (445, '2023-02-10 06:17:15.000000', 90, 'MRACMB95A13A717X'),
       (446, '2023-02-10 06:19:15.000000', 90, 'MRTLDA01L55C514M'),
       (447, '2023-02-10 06:21:15.000000', 90, 'MRTLDA01L55C514M'),
       (448, '2023-02-10 06:23:15.000000', 91, 'MRTLDA01L55C514M'),
       (449, '2023-02-10 06:25:15.000000', 91, 'MRACMB95A13A717X'),
       (450, '2023-02-10 06:27:15.000000', 91, 'MRTLDA01L55C514M'),
       (451, '2023-02-10 06:29:15.000000', 91, 'MRTLDA01L55C514M'),
       (452, '2023-02-10 06:31:15.000000', 91, 'MRTLDA01L55C514M'),
       (453, '2023-02-10 06:33:15.000000', 91, 'MRTLDA01L55C514M'),
       (454, '2023-02-10 06:35:15.000000', 91, 'MRACMB95A13A717X'),
       (455, '2023-02-10 06:37:15.000000', 91, 'MRACMB95A13A717X'),
       (456, '2023-02-10 06:39:15.000000', 91, 'MRTLDA01L55C514M'),
       (457, '2023-02-10 06:41:15.000000', 91, 'MRACMB95A13A717X'),
       (458, '2023-02-10 06:43:15.000000', 91, 'MRTLDA01L55C514M'),
       (459, '2023-02-10 06:45:15.000000', 92, 'MRACMB95A13A717X'),
       (460, '2023-02-10 06:47:15.000000', 92, 'MRTLDA01L55C514M'),
       (461, '2023-02-10 06:49:15.000000', 92, 'MRTLDA01L55C514M'),
       (462, '2023-02-10 06:51:15.000000', 92, 'MRACMB95A13A717X'),
       (463, '2023-02-10 06:53:15.000000', 92, 'MRTLDA01L55C514M'),
       (464, '2023-02-10 06:55:15.000000', 92, 'MRACMB95A13A717X'),
       (465, '2023-02-10 06:57:15.000000', 93, 'MRACMB95A13A717X'),
       (466, '2023-02-10 06:59:15.000000', 93, 'MRTLDA01L55C514M'),
       (467, '2023-02-10 07:01:15.000000', 93, 'MRTLDA01L55C514M'),
       (468, '2023-02-10 07:03:15.000000', 93, 'MRTLDA01L55C514M'),
       (469, '2023-02-10 07:05:15.000000', 93, 'MRTLDA01L55C514M'),
       (470, '2023-02-10 07:07:15.000000', 93, 'MRACMB95A13A717X'),
       (471, '2023-02-10 07:09:15.000000', 93, 'MRACMB95A13A717X'),
       (472, '2023-02-10 07:11:15.000000', 93, 'MRACMB95A13A717X'),
       (473, '2023-02-10 07:13:15.000000', 93, 'MRTLDA01L55C514M'),
       (474, '2023-02-10 07:15:15.000000', 93, 'MRTLDA01L55C514M'),
       (475, '2023-02-10 07:17:15.000000', 94, 'MRACMB95A13A717X'),
       (476, '2023-02-10 07:19:15.000000', 94, 'MRTLDA01L55C514M'),
       (477, '2023-02-10 07:21:15.000000', 94, 'MRACMB95A13A717X'),
       (478, '2023-02-10 07:23:15.000000', 94, 'MRTLDA01L55C514M'),
       (479, '2023-02-10 07:25:15.000000', 94, 'MRTLDA01L55C514M'),
       (480, '2023-02-10 07:27:15.000000', 94, 'MRTLDA01L55C514M'),
       (481, '2023-02-10 07:29:15.000000', 94, 'MRTLDA01L55C514M'),
       (482, '2023-02-10 07:31:15.000000', 94, 'MRACMB95A13A717X'),
       (483, '2023-02-10 07:33:15.000000', 94, 'MRACMB95A13A717X'),
       (484, '2023-02-10 07:35:15.000000', 95, 'MRACMB95A13A717X'),
       (485, '2023-02-10 07:37:15.000000', 95, 'MRTLDA01L55C514M'),
       (486, '2023-02-10 07:39:15.000000', 95, 'MRACMB95A13A717X'),
       (487, '2023-02-10 07:41:15.000000', 95, 'MRTLDA01L55C514M'),
       (488, '2023-02-10 07:43:15.000000', 95, 'MRACMB95A13A717X'),
       (489, '2023-02-10 07:45:15.000000', 95, 'MRACMB95A13A717X'),
       (490, '2023-02-10 07:47:15.000000', 95, 'MRACMB95A13A717X'),
       (491, '2023-02-10 07:49:15.000000', 96, 'MRACMB95A13A717X'),
       (492, '2023-02-10 07:51:15.000000', 96, 'MRTLDA01L55C514M'),
       (493, '2023-02-10 07:53:15.000000', 96, 'MRACMB95A13A717X'),
       (494, '2023-02-10 07:55:15.000000', 96, 'MRACMB95A13A717X'),
       (495, '2023-02-10 07:57:15.000000', 96, 'MRACMB95A13A717X'),
       (496, '2023-02-10 07:59:15.000000', 96, 'MRTLDA01L55C514M'),
       (497, '2023-02-10 08:01:15.000000', 97, 'MRTLDA01L55C514M'),
       (498, '2023-02-10 08:03:15.000000', 97, 'MRTLDA01L55C514M'),
       (499, '2023-02-10 08:05:15.000000', 97, 'MRACMB95A13A717X'),
       (500, '2023-02-10 08:07:15.000000', 97, 'MRTLDA01L55C514M'),
       (501, '2023-02-10 08:09:15.000000', 97, 'MRTLDA01L55C514M'),
       (502, '2023-02-10 08:11:15.000000', 97, 'MRTLDA01L55C514M'),
       (503, '2023-02-10 08:13:15.000000', 98, 'MRACMB95A13A717X'),
       (504, '2023-02-10 08:15:15.000000', 98, 'MRACMB95A13A717X'),
       (505, '2023-02-10 08:17:15.000000', 98, 'MRTLDA01L55C514M'),
       (506, '2023-02-10 08:19:15.000000', 98, 'MRACMB95A13A717X'),
       (507, '2023-02-10 08:21:15.000000', 98, 'MRTLDA01L55C514M'),
       (508, '2023-02-10 08:23:15.000000', 98, 'MRACMB95A13A717X'),
       (509, '2023-02-10 08:25:15.000000', 98, 'MRACMB95A13A717X'),
       (510, '2023-02-10 08:27:15.000000', 98, 'MRACMB95A13A717X'),
       (511, '2023-02-10 08:29:15.000000', 98, 'MRTLDA01L55C514M'),
       (512, '2023-02-10 08:31:15.000000', 98, 'MRTLDA01L55C514M'),
       (513, '2023-02-10 08:33:15.000000', 98, 'MRACMB95A13A717X'),
       (514, '2023-02-10 08:35:15.000000', 98, 'MRTLDA01L55C514M'),
       (515, '2023-02-10 08:37:15.000000', 99, 'MRTLDA01L55C514M'),
       (516, '2023-02-10 08:39:15.000000', 99, 'MRACMB95A13A717X'),
       (517, '2023-02-10 08:41:15.000000', 99, 'MRACMB95A13A717X'),
       (518, '2023-02-10 08:43:15.000000', 99, 'MRTLDA01L55C514M'),
       (519, '2023-02-10 08:45:15.000000', 99, 'MRTLDA01L55C514M'),
       (520, '2023-02-10 08:47:15.000000', 99, 'MRACMB95A13A717X'),
       (521, '2023-02-10 08:49:15.000000', 100, 'MRTLDA01L55C514M'),
       (522, '2023-02-10 08:51:15.000000', 100, 'MRTLDA01L55C514M'),
       (523, '2023-02-10 08:53:15.000000', 100, 'MRTLDA01L55C514M'),
       (524, '2023-02-10 08:55:15.000000', 100, 'MRTLDA01L55C514M'),
       (525, '2023-02-10 08:57:15.000000', 100, 'MRACMB95A13A717X'),
       (526, '2023-02-10 08:59:15.000000', 100, 'MRACMB95A13A717X'),
       (527, '2023-02-10 09:01:15.000000', 100, 'MRACMB95A13A717X'),
       (528, '2023-02-10 09:03:15.000000', 100, 'MRACMB95A13A717X'),
       (529, '2023-02-10 09:05:15.000000', 100, 'MRACMB95A13A717X'),
       (530, '2023-02-10 09:07:15.000000', 100, 'MRACMB95A13A717X'),
       (531, '2023-02-10 09:09:15.000000', 100, 'MRACMB95A13A717X'),
       (532, '2023-02-10 09:11:15.000000', 100, 'MRACMB95A13A717X'),
       (533, '2023-02-10 09:13:15.000000', 100, 'MRACMB95A13A717X'),
       (534, '2023-02-10 09:15:15.000000', 101, 'MRACMB95A13A717X'),
       (535, '2023-02-10 09:17:15.000000', 101, 'MRACMB95A13A717X'),
       (536, '2023-02-10 09:19:15.000000', 101, 'MRACMB95A13A717X'),
       (537, '2023-02-10 09:21:15.000000', 101, 'MRACMB95A13A717X'),
       (538, '2023-02-10 09:23:15.000000', 101, 'MRTLDA01L55C514M'),
       (539, '2023-02-10 09:25:15.000000', 101, 'MRTLDA01L55C514M'),
       (540, '2023-02-10 09:27:15.000000', 101, 'MRACMB95A13A717X'),
       (541, '2023-02-10 09:29:15.000000', 101, 'MRTLDA01L55C514M'),
       (542, '2023-02-10 09:31:15.000000', 101, 'MRTLDA01L55C514M'),
       (543, '2023-02-10 09:33:15.000000', 101, 'MRTLDA01L55C514M'),
       (544, '2023-02-10 09:35:15.000000', 101, 'MRTLDA01L55C514M'),
       (545, '2023-02-10 09:37:15.000000', 101, 'MRACMB95A13A717X'),
       (546, '2023-02-10 09:39:15.000000', 102, 'MRTLDA01L55C514M'),
       (547, '2023-02-10 09:41:15.000000', 102, 'MRTLDA01L55C514M'),
       (548, '2023-02-10 09:43:15.000000', 102, 'MRTLDA01L55C514M'),
       (549, '2023-02-10 09:45:15.000000', 102, 'MRACMB95A13A717X'),
       (550, '2023-02-10 09:47:15.000000', 102, 'MRTLDA01L55C514M'),
       (551, '2023-02-10 09:49:15.000000', 102, 'MRACMB95A13A717X'),
       (552, '2023-02-10 09:51:15.000000', 102, 'MRACMB95A13A717X'),
       (553, '2023-02-10 09:53:15.000000', 102, 'MRTLDA01L55C514M'),
       (554, '2023-02-10 09:55:15.000000', 102, 'MRTLDA01L55C514M'),
       (555, '2023-02-10 09:57:15.000000', 102, 'MRACMB95A13A717X'),
       (556, '2023-02-10 09:59:15.000000', 102, 'MRTLDA01L55C514M'),
       (557, '2023-02-10 10:01:15.000000', 102, 'MRTLDA01L55C514M'),
       (558, '2023-02-10 10:03:15.000000', 102, 'MRTLDA01L55C514M'),
       (559, '2023-02-10 10:05:15.000000', 102, 'MRACMB95A13A717X'),
       (560, '2023-02-10 10:07:15.000000', 102, 'MRACMB95A13A717X'),
       (561, '2023-02-10 10:09:15.000000', 102, 'MRTLDA01L55C514M'),
       (562, '2023-02-10 10:11:15.000000', 103, 'MRTLDA01L55C514M'),
       (563, '2023-02-10 10:13:15.000000', 103, 'MRTLDA01L55C514M'),
       (564, '2023-02-10 10:15:15.000000', 103, 'MRACMB95A13A717X'),
       (565, '2023-02-10 10:17:15.000000', 103, 'MRTLDA01L55C514M'),
       (566, '2023-02-10 10:19:15.000000', 103, 'MRACMB95A13A717X'),
       (567, '2023-02-10 10:21:15.000000', 103, 'MRACMB95A13A717X'),
       (568, '2023-02-10 10:23:15.000000', 103, 'MRACMB95A13A717X'),
       (569, '2023-02-10 10:25:15.000000', 103, 'MRACMB95A13A717X'),
       (570, '2023-02-10 10:27:15.000000', 104, 'MRACMB95A13A717X'),
       (571, '2023-02-10 10:29:15.000000', 104, 'MRACMB95A13A717X'),
       (572, '2023-02-10 10:31:15.000000', 104, 'MRTLDA01L55C514M'),
       (573, '2023-02-10 10:33:15.000000', 104, 'MRTLDA01L55C514M'),
       (574, '2023-02-10 10:35:15.000000', 104, 'MRACMB95A13A717X'),
       (575, '2023-02-10 10:37:15.000000', 104, 'MRACMB95A13A717X'),
       (576, '2023-02-10 10:39:15.000000', 104, 'MRACMB95A13A717X'),
       (577, '2023-02-10 10:41:15.000000', 104, 'MRACMB95A13A717X'),
       (578, '2023-02-10 10:43:15.000000', 104, 'MRACMB95A13A717X'),
       (579, '2023-02-10 10:45:15.000000', 104, 'MRTLDA01L55C514M'),
       (580, '2023-02-10 10:47:15.000000', 105, 'MRACMB95A13A717X'),
       (581, '2023-02-10 10:49:15.000000', 105, 'MRACMB95A13A717X'),
       (582, '2023-02-10 10:51:15.000000', 105, 'MRTLDA01L55C514M'),
       (583, '2023-02-10 10:53:15.000000', 105, 'MRTLDA01L55C514M'),
       (584, '2023-02-10 10:55:15.000000', 105, 'MRACMB95A13A717X'),
       (585, '2023-02-10 10:57:15.000000', 105, 'MRTLDA01L55C514M'),
       (586, '2023-02-10 10:59:15.000000', 105, 'MRACMB95A13A717X'),
       (587, '2023-02-10 11:01:15.000000', 105, 'MRACMB95A13A717X'),
       (588, '2023-02-10 11:03:15.000000', 106, 'MRACMB95A13A717X'),
       (589, '2023-02-10 11:05:15.000000', 106, 'MRTLDA01L55C514M'),
       (590, '2023-02-10 11:07:15.000000', 106, 'MRACMB95A13A717X'),
       (591, '2023-02-10 11:09:15.000000', 106, 'MRACMB95A13A717X'),
       (592, '2023-02-10 11:11:15.000000', 106, 'MRTLDA01L55C514M'),
       (593, '2023-02-10 11:13:15.000000', 106, 'MRTLDA01L55C514M'),
       (594, '2023-02-10 11:15:15.000000', 106, 'MRTLDA01L55C514M'),
       (595, '2023-02-10 11:17:15.000000', 106, 'MRACMB95A13A717X'),
       (596, '2023-02-10 11:19:15.000000', 106, 'MRACMB95A13A717X'),
       (597, '2023-02-10 11:21:15.000000', 106, 'MRACMB95A13A717X'),
       (598, '2023-02-10 11:23:15.000000', 106, 'MRTLDA01L55C514M'),
       (599, '2023-02-10 11:25:15.000000', 106, 'MRACMB95A13A717X'),
       (600, '2023-02-10 11:27:15.000000', 106, 'MRTLDA01L55C514M'),
       (601, '2023-02-10 11:29:15.000000', 107, 'MRTLDA01L55C514M'),
       (602, '2023-02-10 11:31:15.000000', 107, 'MRTLDA01L55C514M'),
       (603, '2023-02-10 11:33:15.000000', 107, 'MRTLDA01L55C514M'),
       (604, '2023-02-10 11:35:15.000000', 107, 'MRACMB95A13A717X'),
       (605, '2023-02-10 11:37:15.000000', 107, 'MRACMB95A13A717X'),
       (606, '2023-02-10 11:39:15.000000', 107, 'MRTLDA01L55C514M'),
       (607, '2023-02-10 11:41:15.000000', 107, 'MRTLDA01L55C514M'),
       (608, '2023-02-10 11:43:15.000000', 108, 'MRACMB95A13A717X'),
       (609, '2023-02-10 11:45:15.000000', 108, 'MRACMB95A13A717X'),
       (610, '2023-02-10 11:47:15.000000', 108, 'MRTLDA01L55C514M'),
       (611, '2023-02-10 11:49:15.000000', 108, 'MRACMB95A13A717X'),
       (612, '2023-02-10 11:51:15.000000', 108, 'MRACMB95A13A717X'),
       (613, '2023-02-10 11:53:15.000000', 108, 'MRACMB95A13A717X'),
       (614, '2023-02-10 11:55:15.000000', 108, 'MRACMB95A13A717X'),
       (615, '2023-02-10 11:57:15.000000', 108, 'MRTLDA01L55C514M'),
       (616, '2023-02-10 11:59:15.000000', 108, 'MRTLDA01L55C514M'),
       (617, '2023-02-10 12:01:15.000000', 109, 'MRTLDA01L55C514M'),
       (618, '2023-02-10 12:03:15.000000', 109, 'MRTLDA01L55C514M'),
       (619, '2023-02-10 12:05:15.000000', 109, 'MRTLDA01L55C514M'),
       (620, '2023-02-10 12:07:15.000000', 109, 'MRTLDA01L55C514M'),
       (621, '2023-02-10 12:09:15.000000', 110, 'MRTLDA01L55C514M'),
       (622, '2023-02-10 12:11:15.000000', 110, 'MRACMB95A13A717X'),
       (623, '2023-02-10 12:13:15.000000', 110, 'MRACMB95A13A717X'),
       (624, '2023-02-10 12:15:15.000000', 110, 'MRACMB95A13A717X'),
       (625, '2023-02-10 12:17:15.000000', 110, 'MRACMB95A13A717X'),
       (626, '2023-02-10 12:19:15.000000', 110, 'MRTLDA01L55C514M'),
       (627, '2023-02-10 12:21:15.000000', 110, 'MRTLDA01L55C514M'),
       (628, '2023-02-10 12:23:15.000000', 110, 'MRTLDA01L55C514M'),
       (629, '2023-02-10 12:25:15.000000', 111, 'MRACMB95A13A717X'),
       (630, '2023-02-10 12:27:15.000000', 111, 'MRTLDA01L55C514M'),
       (631, '2023-02-10 12:29:15.000000', 111, 'MRACMB95A13A717X'),
       (632, '2023-02-10 12:31:15.000000', 111, 'MRACMB95A13A717X'),
       (633, '2023-02-10 12:33:15.000000', 111, 'MRTLDA01L55C514M'),
       (634, '2023-02-10 12:35:15.000000', 111, 'MRTLDA01L55C514M'),
       (635, '2023-02-10 12:37:15.000000', 111, 'MRTLDA01L55C514M'),
       (636, '2023-02-10 12:39:15.000000', 111, 'MRTLDA01L55C514M'),
       (637, '2023-02-10 12:41:15.000000', 111, 'MRACMB95A13A717X'),
       (638, '2023-02-10 12:43:15.000000', 111, 'MRACMB95A13A717X'),
       (639, '2023-02-10 12:45:15.000000', 112, 'MRTLDA01L55C514M'),
       (640, '2023-02-10 12:47:15.000000', 112, 'MRTLDA01L55C514M'),
       (641, '2023-02-10 12:49:15.000000', 112, 'MRTLDA01L55C514M'),
       (642, '2023-02-10 12:51:15.000000', 112, 'MRACMB95A13A717X'),
       (643, '2023-02-10 12:53:15.000000', 112, 'MRTLDA01L55C514M'),
       (644, '2023-02-10 12:55:15.000000', 112, 'MRACMB95A13A717X'),
       (645, '2023-02-10 12:57:15.000000', 112, 'MRTLDA01L55C514M'),
       (646, '2023-02-10 12:59:15.000000', 112, 'MRACMB95A13A717X'),
       (647, '2023-02-10 13:01:15.000000', 112, 'MRACMB95A13A717X'),
       (648, '2023-02-10 13:03:15.000000', 112, 'MRACMB95A13A717X'),
       (649, '2023-02-10 13:05:15.000000', 112, 'MRACMB95A13A717X'),
       (650, '2023-02-10 13:07:15.000000', 113, 'MRACMB95A13A717X'),
       (651, '2023-02-10 13:09:15.000000', 113, 'MRTLDA01L55C514M'),
       (652, '2023-02-10 13:11:15.000000', 113, 'MRACMB95A13A717X'),
       (653, '2023-02-10 13:13:15.000000', 113, 'MRACMB95A13A717X'),
       (654, '2023-02-10 13:15:15.000000', 113, 'MRACMB95A13A717X'),
       (655, '2023-02-10 13:17:15.000000', 113, 'MRACMB95A13A717X'),
       (656, '2023-02-10 13:19:15.000000', 113, 'MRTLDA01L55C514M'),
       (657, '2023-02-10 13:21:15.000000', 113, 'MRACMB95A13A717X'),
       (658, '2023-02-10 13:23:15.000000', 113, 'MRTLDA01L55C514M'),
       (659, '2023-02-10 13:25:15.000000', 113, 'MRTLDA01L55C514M'),
       (660, '2023-02-10 13:27:15.000000', 113, 'MRACMB95A13A717X'),
       (661, '2023-02-10 13:29:15.000000', 113, 'MRTLDA01L55C514M'),
       (662, '2023-02-10 13:31:15.000000', 113, 'MRTLDA01L55C514M'),
       (663, '2023-02-10 13:33:15.000000', 114, 'MRACMB95A13A717X'),
       (664, '2023-02-10 13:35:15.000000', 114, 'MRTLDA01L55C514M'),
       (665, '2023-02-10 13:37:15.000000', 114, 'MRACMB95A13A717X'),
       (666, '2023-02-10 13:39:15.000000', 114, 'MRACMB95A13A717X'),
       (667, '2023-02-10 13:41:15.000000', 114, 'MRTLDA01L55C514M'),
       (668, '2023-02-10 13:43:15.000000', 114, 'MRTLDA01L55C514M'),
       (669, '2023-02-10 13:45:15.000000', 115, 'MRTLDA01L55C514M'),
       (670, '2023-02-10 13:47:15.000000', 115, 'MRACMB95A13A717X'),
       (671, '2023-02-10 13:49:15.000000', 115, 'MRACMB95A13A717X'),
       (672, '2023-02-10 13:51:15.000000', 115, 'MRACMB95A13A717X'),
       (673, '2023-02-10 13:53:15.000000', 115, 'MRACMB95A13A717X'),
       (674, '2023-02-10 13:55:15.000000', 115, 'MRTLDA01L55C514M'),
       (675, '2023-02-10 13:57:15.000000', 115, 'MRACMB95A13A717X'),
       (676, '2023-02-10 13:59:15.000000', 115, 'MRACMB95A13A717X'),
       (677, '2023-02-10 14:01:15.000000', 115, 'MRACMB95A13A717X'),
       (678, '2023-02-10 14:03:15.000000', 115, 'MRTLDA01L55C514M'),
       (679, '2023-02-10 14:05:15.000000', 116, 'MRACMB95A13A717X'),
       (680, '2023-02-10 14:07:15.000000', 116, 'MRTLDA01L55C514M'),
       (681, '2023-02-10 14:09:15.000000', 116, 'MRACMB95A13A717X'),
       (682, '2023-02-10 14:11:15.000000', 116, 'MRTLDA01L55C514M'),
       (683, '2023-02-10 14:13:15.000000', 116, 'MRACMB95A13A717X'),
       (684, '2023-02-10 14:15:15.000000', 116, 'MRACMB95A13A717X'),
       (685, '2023-02-10 14:17:15.000000', 116, 'MRACMB95A13A717X'),
       (686, '2023-02-10 14:19:15.000000', 117, 'MRTLDA01L55C514M'),
       (687, '2023-02-10 14:21:15.000000', 117, 'MRACMB95A13A717X'),
       (688, '2023-02-10 14:23:15.000000', 117, 'MRACMB95A13A717X'),
       (689, '2023-02-10 14:25:15.000000', 117, 'MRACMB95A13A717X'),
       (690, '2023-02-10 14:27:15.000000', 117, 'MRACMB95A13A717X'),
       (691, '2023-02-10 14:29:15.000000', 117, 'MRACMB95A13A717X'),
       (692, '2023-02-10 14:31:15.000000', 117, 'MRACMB95A13A717X'),
       (693, '2023-02-10 14:33:15.000000', 117, 'MRTLDA01L55C514M'),
       (694, '2023-02-10 14:35:15.000000', 117, 'MRTLDA01L55C514M'),
       (695, '2023-02-10 14:37:15.000000', 117, 'MRACMB95A13A717X'),
       (696, '2023-02-10 14:39:15.000000', 118, 'MRTLDA01L55C514M'),
       (697, '2023-02-10 14:41:15.000000', 118, 'MRTLDA01L55C514M'),
       (698, '2023-02-10 14:43:15.000000', 118, 'MRACMB95A13A717X'),
       (699, '2023-02-10 14:45:15.000000', 118, 'MRTLDA01L55C514M'),
       (700, '2023-02-10 14:47:15.000000', 118, 'MRTLDA01L55C514M'),
       (701, '2023-02-10 14:49:15.000000', 118, 'MRTLDA01L55C514M'),
       (702, '2023-02-10 14:51:15.000000', 118, 'MRACMB95A13A717X'),
       (703, '2023-02-10 14:53:15.000000', 118, 'MRACMB95A13A717X'),
       (704, '2023-02-10 14:55:15.000000', 118, 'MRACMB95A13A717X'),
       (705, '2023-02-10 14:57:15.000000', 118, 'MRTLDA01L55C514M'),
       (706, '2023-02-10 14:59:15.000000', 119, 'MRACMB95A13A717X'),
       (707, '2023-02-10 15:01:15.000000', 119, 'MRACMB95A13A717X'),
       (708, '2023-02-10 15:03:15.000000', 119, 'MRACMB95A13A717X'),
       (709, '2023-02-10 15:05:15.000000', 119, 'MRTLDA01L55C514M'),
       (710, '2023-02-10 15:07:15.000000', 119, 'MRTLDA01L55C514M'),
       (711, '2023-02-10 15:09:15.000000', 119, 'MRACMB95A13A717X'),
       (712, '2023-02-10 15:11:15.000000', 119, 'MRACMB95A13A717X'),
       (713, '2023-02-10 15:13:15.000000', 119, 'MRTLDA01L55C514M'),
       (714, '2023-02-10 15:15:15.000000', 120, 'MRACMB95A13A717X'),
       (715, '2023-02-10 15:17:15.000000', 120, 'MRTLDA01L55C514M'),
       (716, '2023-02-10 15:19:15.000000', 120, 'MRTLDA01L55C514M'),
       (717, '2023-02-10 15:21:15.000000', 120, 'MRACMB95A13A717X'),
       (718, '2023-02-10 15:23:15.000000', 121, 'MRTLDA01L55C514M'),
       (719, '2023-02-10 15:25:15.000000', 121, 'MRACMB95A13A717X'),
       (720, '2023-02-10 15:27:15.000000', 121, 'MRACMB95A13A717X'),
       (721, '2023-02-10 15:29:15.000000', 121, 'MRACMB95A13A717X'),
       (722, '2023-02-10 15:31:15.000000', 121, 'MRACMB95A13A717X'),
       (723, '2023-02-10 15:33:15.000000', 121, 'MRTLDA01L55C514M'),
       (724, '2023-02-10 15:35:15.000000', 121, 'MRTLDA01L55C514M'),
       (725, '2023-02-10 15:37:15.000000', 121, 'MRACMB95A13A717X'),
       (726, '2023-02-10 15:39:15.000000', 121, 'MRTLDA01L55C514M'),
       (727, '2023-02-10 15:41:15.000000', 121, 'MRACMB95A13A717X'),
       (728, '2023-02-10 15:43:15.000000', 121, 'MRACMB95A13A717X'),
       (729, '2023-02-10 15:45:15.000000', 121, 'MRACMB95A13A717X'),
       (730, '2023-02-10 15:47:15.000000', 121, 'MRTLDA01L55C514M'),
       (731, '2023-02-10 15:49:15.000000', 121, 'MRACMB95A13A717X'),
       (732, '2023-02-10 15:51:15.000000', 122, 'MRTLDA01L55C514M'),
       (733, '2023-02-10 15:53:15.000000', 122, 'MRACMB95A13A717X'),
       (734, '2023-02-10 15:55:15.000000', 122, 'MRTLDA01L55C514M'),
       (735, '2023-02-10 15:57:15.000000', 122, 'MRACMB95A13A717X'),
       (736, '2023-02-10 15:59:15.000000', 122, 'MRACMB95A13A717X'),
       (737, '2023-02-10 16:01:15.000000', 122, 'MRTLDA01L55C514M'),
       (738, '2023-02-10 16:03:15.000000', 122, 'MRACMB95A13A717X'),
       (739, '2023-02-10 16:05:15.000000', 122, 'MRTLDA01L55C514M'),
       (740, '2023-02-10 16:07:15.000000', 123, 'MRACMB95A13A717X'),
       (741, '2023-02-10 16:09:15.000000', 123, 'MRTLDA01L55C514M'),
       (742, '2023-02-10 16:11:15.000000', 123, 'MRTLDA01L55C514M'),
       (743, '2023-02-10 16:13:15.000000', 123, 'MRACMB95A13A717X'),
       (744, '2023-02-10 16:15:15.000000', 123, 'MRTLDA01L55C514M'),
       (745, '2023-02-10 16:17:15.000000', 123, 'MRACMB95A13A717X'),
       (746, '2023-02-10 16:19:15.000000', 123, 'MRTLDA01L55C514M'),
       (747, '2023-02-10 16:21:15.000000', 124, 'MRTLDA01L55C514M'),
       (748, '2023-02-10 16:23:15.000000', 124, 'MRACMB95A13A717X'),
       (749, '2023-02-10 16:25:15.000000', 124, 'MRTLDA01L55C514M'),
       (750, '2023-02-10 16:27:15.000000', 124, 'MRTLDA01L55C514M'),
       (751, '2023-02-10 16:29:15.000000', 124, 'MRTLDA01L55C514M'),
       (752, '2023-02-10 16:31:15.000000', 124, 'MRTLDA01L55C514M'),
       (753, '2023-02-10 16:33:15.000000', 125, 'MRTLDA01L55C514M'),
       (754, '2023-02-10 16:35:15.000000', 125, 'MRTLDA01L55C514M'),
       (755, '2023-02-10 16:37:15.000000', 125, 'MRACMB95A13A717X'),
       (756, '2023-02-10 16:39:15.000000', 125, 'MRTLDA01L55C514M'),
       (757, '2023-02-10 16:41:15.000000', 125, 'MRACMB95A13A717X'),
       (758, '2023-02-10 16:43:15.000000', 125, 'MRTLDA01L55C514M'),
       (759, '2023-02-10 16:45:15.000000', 125, 'MRTLDA01L55C514M'),
       (760, '2023-02-10 16:47:15.000000', 125, 'MRACMB95A13A717X'),
       (761, '2023-02-10 16:49:15.000000', 125, 'MRTLDA01L55C514M'),
       (762, '2023-02-10 16:51:15.000000', 125, 'MRTLDA01L55C514M'),
       (763, '2023-02-10 16:53:15.000000', 125, 'MRACMB95A13A717X'),
       (764, '2023-02-10 16:55:15.000000', 125, 'MRTLDA01L55C514M'),
       (765, '2023-02-10 16:57:15.000000', 126, 'MRACMB95A13A717X'),
       (766, '2023-02-10 16:59:15.000000', 126, 'MRTLDA01L55C514M'),
       (767, '2023-02-10 17:01:15.000000', 126, 'MRTLDA01L55C514M'),
       (768, '2023-02-10 17:03:15.000000', 126, 'MRACMB95A13A717X'),
       (769, '2023-02-10 17:05:15.000000', 126, 'MRACMB95A13A717X'),
       (770, '2023-02-10 17:07:15.000000', 126, 'MRACMB95A13A717X'),
       (771, '2023-02-10 17:09:15.000000', 126, 'MRACMB95A13A717X'),
       (772, '2023-02-10 17:11:15.000000', 126, 'MRTLDA01L55C514M'),
       (773, '2023-02-10 17:13:15.000000', 126, 'MRTLDA01L55C514M'),
       (774, '2023-02-10 17:15:15.000000', 127, 'MRACMB95A13A717X'),
       (775, '2023-02-10 17:17:15.000000', 127, 'MRTLDA01L55C514M'),
       (776, '2023-02-10 17:19:15.000000', 127, 'MRACMB95A13A717X'),
       (777, '2023-02-10 17:21:15.000000', 127, 'MRTLDA01L55C514M'),
       (778, '2023-02-10 17:23:15.000000', 127, 'MRACMB95A13A717X'),
       (779, '2023-02-10 17:25:15.000000', 127, 'MRTLDA01L55C514M'),
       (780, '2023-02-10 17:27:15.000000', 127, 'MRACMB95A13A717X'),
       (781, '2023-02-10 17:29:15.000000', 127, 'MRACMB95A13A717X'),
       (782, '2023-02-10 17:31:15.000000', 127, 'MRACMB95A13A717X'),
       (783, '2023-02-10 17:33:15.000000', 127, 'MRACMB95A13A717X'),
       (784, '2023-02-10 17:35:15.000000', 128, 'MRACMB95A13A717X'),
       (785, '2023-02-10 17:37:15.000000', 128, 'MRTLDA01L55C514M'),
       (786, '2023-02-10 17:39:15.000000', 128, 'MRTLDA01L55C514M'),
       (787, '2023-02-10 17:41:15.000000', 128, 'MRTLDA01L55C514M'),
       (788, '2023-02-10 17:43:15.000000', 128, 'MRTLDA01L55C514M'),
       (789, '2023-02-10 17:45:15.000000', 128, 'MRTLDA01L55C514M'),
       (790, '2023-02-10 17:47:15.000000', 128, 'MRTLDA01L55C514M'),
       (791, '2023-02-10 17:49:15.000000', 128, 'MRTLDA01L55C514M'),
       (792, '2023-02-10 17:51:15.000000', 128, 'MRTLDA01L55C514M'),
       (793, '2023-02-10 17:53:15.000000', 128, 'MRTLDA01L55C514M'),
       (794, '2023-02-10 17:55:15.000000', 128, 'MRACMB95A13A717X'),
       (795, '2023-02-10 17:57:15.000000', 128, 'MRTLDA01L55C514M'),
       (796, '2023-02-10 17:59:15.000000', 129, 'MRTLDA01L55C514M'),
       (797, '2023-02-10 18:01:15.000000', 129, 'MRTLDA01L55C514M'),
       (798, '2023-02-10 18:03:15.000000', 129, 'MRACMB95A13A717X'),
       (799, '2023-02-10 18:05:15.000000', 129, 'MRTLDA01L55C514M'),
       (800, '2023-02-10 18:07:15.000000', 129, 'MRACMB95A13A717X'),
       (801, '2023-02-10 18:09:15.000000', 129, 'MRACMB95A13A717X'),
       (802, '2023-02-10 18:11:15.000000', 129, 'MRTLDA01L55C514M'),
       (803, '2023-02-10 18:13:15.000000', 130, 'MRACMB95A13A717X'),
       (804, '2023-02-10 18:15:15.000000', 130, 'MRTLDA01L55C514M'),
       (805, '2023-02-10 18:17:15.000000', 130, 'MRACMB95A13A717X'),
       (806, '2023-02-10 18:19:15.000000', 130, 'MRTLDA01L55C514M'),
       (807, '2023-02-10 18:21:15.000000', 130, 'MRTLDA01L55C514M'),
       (808, '2023-02-10 18:23:15.000000', 130, 'MRTLDA01L55C514M'),
       (809, '2023-02-10 18:25:15.000000', 130, 'MRACMB95A13A717X'),
       (810, '2023-02-10 18:27:15.000000', 130, 'MRACMB95A13A717X'),
       (811, '2023-02-10 18:29:15.000000', 130, 'MRTLDA01L55C514M'),
       (812, '2023-02-10 18:31:15.000000', 131, 'MRTLDA01L55C514M'),
       (813, '2023-02-10 18:33:15.000000', 131, 'MRACMB95A13A717X'),
       (814, '2023-02-10 18:35:15.000000', 131, 'MRACMB95A13A717X'),
       (815, '2023-02-10 18:37:15.000000', 131, 'MRTLDA01L55C514M'),
       (816, '2023-02-10 18:39:15.000000', 132, 'MRACMB95A13A717X'),
       (817, '2023-02-10 18:41:15.000000', 132, 'MRACMB95A13A717X'),
       (818, '2023-02-10 18:43:15.000000', 132, 'MRACMB95A13A717X'),
       (819, '2023-02-10 18:45:15.000000', 132, 'MRACMB95A13A717X'),
       (820, '2023-02-10 18:47:15.000000', 132, 'MRACMB95A13A717X'),
       (821, '2023-02-10 18:49:15.000000', 133, 'MRTLDA01L55C514M'),
       (822, '2023-02-10 18:51:15.000000', 133, 'MRACMB95A13A717X'),
       (823, '2023-02-10 18:53:15.000000', 133, 'MRACMB95A13A717X'),
       (824, '2023-02-10 18:55:15.000000', 133, 'MRACMB95A13A717X'),
       (825, '2023-02-10 18:57:15.000000', 133, 'MRACMB95A13A717X'),
       (826, '2023-02-10 18:59:15.000000', 133, 'MRTLDA01L55C514M'),
       (827, '2023-02-10 19:01:15.000000', 133, 'MRACMB95A13A717X'),
       (828, '2023-02-10 19:03:15.000000', 133, 'MRTLDA01L55C514M'),
       (829, '2023-02-10 19:05:15.000000', 134, 'MRTLDA01L55C514M'),
       (830, '2023-02-10 19:07:15.000000', 134, 'MRACMB95A13A717X'),
       (831, '2023-02-10 19:09:15.000000', 134, 'MRACMB95A13A717X'),
       (832, '2023-02-10 19:11:15.000000', 134, 'MRTLDA01L55C514M'),
       (833, '2023-02-10 19:13:15.000000', 134, 'MRTLDA01L55C514M'),
       (834, '2023-02-10 19:15:15.000000', 134, 'MRACMB95A13A717X'),
       (835, '2023-02-10 19:17:15.000000', 134, 'MRACMB95A13A717X'),
       (836, '2023-02-10 19:19:15.000000', 134, 'MRTLDA01L55C514M'),
       (837, '2023-02-10 19:21:15.000000', 134, 'MRACMB95A13A717X'),
       (838, '2023-02-10 19:23:15.000000', 134, 'MRACMB95A13A717X'),
       (839, '2023-02-10 19:25:15.000000', 134, 'MRTLDA01L55C514M'),
       (840, '2023-02-10 19:27:15.000000', 135, 'MRTLDA01L55C514M'),
       (841, '2023-02-10 19:29:15.000000', 135, 'MRACMB95A13A717X'),
       (842, '2023-02-10 19:31:15.000000', 135, 'MRACMB95A13A717X'),
       (843, '2023-02-10 19:33:15.000000', 135, 'MRACMB95A13A717X'),
       (844, '2023-02-10 19:35:15.000000', 135, 'MRTLDA01L55C514M'),
       (845, '2023-02-10 19:37:15.000000', 135, 'MRTLDA01L55C514M'),
       (846, '2023-02-10 19:39:15.000000', 135, 'MRTLDA01L55C514M'),
       (847, '2023-02-10 19:41:15.000000', 136, 'MRTLDA01L55C514M'),
       (848, '2023-02-10 19:43:15.000000', 136, 'MRACMB95A13A717X'),
       (849, '2023-02-10 19:45:15.000000', 136, 'MRACMB95A13A717X'),
       (850, '2023-02-10 19:47:15.000000', 136, 'MRTLDA01L55C514M'),
       (851, '2023-02-10 19:49:15.000000', 136, 'MRTLDA01L55C514M'),
       (852, '2023-02-10 19:51:15.000000', 136, 'MRTLDA01L55C514M'),
       (853, '2023-02-10 19:53:15.000000', 136, 'MRTLDA01L55C514M'),
       (854, '2023-02-10 19:55:15.000000', 136, 'MRTLDA01L55C514M'),
       (855, '2023-02-10 19:57:15.000000', 136, 'MRTLDA01L55C514M'),
       (856, '2023-02-10 19:59:15.000000', 136, 'MRTLDA01L55C514M'),
       (857, '2023-02-10 20:01:15.000000', 136, 'MRACMB95A13A717X'),
       (858, '2023-02-10 20:03:15.000000', 136, 'MRACMB95A13A717X'),
       (859, '2023-02-10 20:05:15.000000', 136, 'MRACMB95A13A717X'),
       (860, '2023-02-10 20:07:15.000000', 136, 'MRACMB95A13A717X'),
       (861, '2023-02-10 20:09:15.000000', 136, 'MRACMB95A13A717X'),
       (862, '2023-02-10 20:11:15.000000', 137, 'MRACMB95A13A717X'),
       (863, '2023-02-10 20:13:15.000000', 137, 'MRACMB95A13A717X'),
       (864, '2023-02-10 20:15:15.000000', 137, 'MRTLDA01L55C514M'),
       (865, '2023-02-10 20:17:15.000000', 137, 'MRACMB95A13A717X'),
       (866, '2023-02-10 20:19:15.000000', 137, 'MRACMB95A13A717X'),
       (867, '2023-02-10 20:21:15.000000', 137, 'MRTLDA01L55C514M'),
       (868, '2023-02-10 20:23:15.000000', 137, 'MRACMB95A13A717X'),
       (869, '2023-02-10 20:25:15.000000', 137, 'MRTLDA01L55C514M'),
       (870, '2023-02-10 20:27:15.000000', 137, 'MRTLDA01L55C514M'),
       (871, '2023-02-10 20:29:15.000000', 137, 'MRTLDA01L55C514M'),
       (872, '2023-02-10 20:31:15.000000', 137, 'MRACMB95A13A717X'),
       (873, '2023-02-10 20:33:15.000000', 138, 'MRTLDA01L55C514M'),
       (874, '2023-02-10 20:35:15.000000', 138, 'MRACMB95A13A717X'),
       (875, '2023-02-10 20:37:15.000000', 138, 'MRTLDA01L55C514M'),
       (876, '2023-02-10 20:39:15.000000', 138, 'MRTLDA01L55C514M'),
       (877, '2023-02-10 20:41:15.000000', 138, 'MRACMB95A13A717X'),
       (878, '2023-02-10 20:43:15.000000', 138, 'MRTLDA01L55C514M'),
       (879, '2023-02-10 20:45:15.000000', 138, 'MRACMB95A13A717X'),
       (880, '2023-02-10 20:47:15.000000', 139, 'MRACMB95A13A717X'),
       (881, '2023-02-10 20:49:15.000000', 139, 'MRACMB95A13A717X'),
       (882, '2023-02-10 20:51:15.000000', 139, 'MRACMB95A13A717X'),
       (883, '2023-02-10 20:53:15.000000', 139, 'MRTLDA01L55C514M'),
       (884, '2023-02-10 20:55:15.000000', 140, 'MRTLDA01L55C514M'),
       (885, '2023-02-10 20:57:15.000000', 140, 'MRACMB95A13A717X'),
       (886, '2023-02-10 20:59:15.000000', 140, 'MRTLDA01L55C514M'),
       (887, '2023-02-10 21:01:15.000000', 140, 'MRACMB95A13A717X'),
       (888, '2023-02-10 21:03:15.000000', 140, 'MRTLDA01L55C514M'),
       (889, '2023-02-10 21:05:15.000000', 140, 'MRACMB95A13A717X'),
       (890, '2023-02-10 21:07:15.000000', 140, 'MRACMB95A13A717X'),
       (891, '2023-02-10 21:09:15.000000', 140, 'MRTLDA01L55C514M'),
       (892, '2023-02-10 21:11:15.000000', 140, 'MRTLDA01L55C514M'),
       (893, '2023-02-10 21:13:15.000000', 141, 'MRACMB95A13A717X'),
       (894, '2023-02-10 21:15:15.000000', 141, 'MRTLDA01L55C514M'),
       (895, '2023-02-10 21:17:15.000000', 141, 'MRTLDA01L55C514M'),
       (896, '2023-02-10 21:19:15.000000', 141, 'MRTLDA01L55C514M'),
       (897, '2023-02-10 21:21:15.000000', 141, 'MRTLDA01L55C514M'),
       (898, '2023-02-10 21:23:15.000000', 141, 'MRTLDA01L55C514M'),
       (899, '2023-02-10 21:25:15.000000', 141, 'MRTLDA01L55C514M'),
       (900, '2023-02-10 21:27:15.000000', 141, 'MRTLDA01L55C514M'),
       (901, '2023-02-10 21:29:15.000000', 141, 'MRACMB95A13A717X'),
       (902, '2023-02-10 21:31:15.000000', 141, 'MRACMB95A13A717X'),
       (903, '2023-02-10 21:33:15.000000', 141, 'MRACMB95A13A717X'),
       (904, '2023-02-10 21:35:15.000000', 141, 'MRTLDA01L55C514M'),
       (905, '2023-02-10 21:37:15.000000', 141, 'MRTLDA01L55C514M'),
       (906, '2023-02-10 21:39:15.000000', 141, 'MRACMB95A13A717X'),
       (907, '2023-02-10 21:41:15.000000', 141, 'MRTLDA01L55C514M'),
       (908, '2023-02-10 21:43:15.000000', 141, 'MRACMB95A13A717X'),
       (909, '2023-02-10 21:45:15.000000', 142, 'MRTLDA01L55C514M'),
       (910, '2023-02-10 21:47:15.000000', 142, 'MRACMB95A13A717X'),
       (911, '2023-02-10 21:49:15.000000', 142, 'MRTLDA01L55C514M'),
       (912, '2023-02-10 21:51:15.000000', 142, 'MRACMB95A13A717X'),
       (913, '2023-02-10 21:53:15.000000', 142, 'MRACMB95A13A717X'),
       (914, '2023-02-10 21:55:15.000000', 142, 'MRTLDA01L55C514M'),
       (915, '2023-02-10 21:57:15.000000', 142, 'MRACMB95A13A717X'),
       (916, '2023-02-10 21:59:15.000000', 142, 'MRTLDA01L55C514M'),
       (917, '2023-02-10 22:01:15.000000', 142, 'MRTLDA01L55C514M'),
       (918, '2023-02-10 22:03:15.000000', 142, 'MRTLDA01L55C514M'),
       (919, '2023-02-10 22:05:15.000000', 142, 'MRACMB95A13A717X'),
       (920, '2023-02-10 22:07:15.000000', 142, 'MRACMB95A13A717X'),
       (921, '2023-02-10 22:09:15.000000', 142, 'MRTLDA01L55C514M'),
       (922, '2023-02-10 22:11:15.000000', 142, 'MRACMB95A13A717X'),
       (923, '2023-02-10 22:13:15.000000', 143, 'MRTLDA01L55C514M'),
       (924, '2023-02-10 22:15:15.000000', 143, 'MRACMB95A13A717X'),
       (925, '2023-02-10 22:17:15.000000', 143, 'MRTLDA01L55C514M'),
       (926, '2023-02-10 22:19:15.000000', 143, 'MRACMB95A13A717X'),
       (927, '2023-02-10 22:21:15.000000', 143, 'MRACMB95A13A717X'),
       (928, '2023-02-10 22:23:15.000000', 143, 'MRACMB95A13A717X'),
       (929, '2023-02-10 22:25:15.000000', 143, 'MRACMB95A13A717X'),
       (930, '2023-02-10 22:27:15.000000', 143, 'MRTLDA01L55C514M'),
       (931, '2023-02-10 22:29:15.000000', 143, 'MRTLDA01L55C514M'),
       (932, '2023-02-10 22:31:15.000000', 144, 'MRTLDA01L55C514M'),
       (933, '2023-02-10 22:33:15.000000', 144, 'MRACMB95A13A717X'),
       (934, '2023-02-10 22:35:15.000000', 144, 'MRACMB95A13A717X'),
       (935, '2023-02-10 22:37:15.000000', 144, 'MRTLDA01L55C514M'),
       (936, '2023-02-10 22:39:15.000000', 144, 'MRTLDA01L55C514M'),
       (937, '2023-02-10 22:41:15.000000', 144, 'MRTLDA01L55C514M'),
       (938, '2023-02-10 22:43:15.000000', 144, 'MRACMB95A13A717X'),
       (939, '2023-02-10 22:45:15.000000', 144, 'MRTLDA01L55C514M'),
       (940, '2023-02-10 22:47:15.000000', 144, 'MRACMB95A13A717X'),
       (941, '2023-02-10 22:49:15.000000', 144, 'MRTLDA01L55C514M'),
       (942, '2023-02-10 22:51:15.000000', 144, 'MRTLDA01L55C514M'),
       (943, '2023-02-10 22:53:15.000000', 144, 'MRTLDA01L55C514M'),
       (944, '2023-02-10 22:55:15.000000', 144, 'MRTLDA01L55C514M'),
       (945, '2023-02-10 22:57:15.000000', 144, 'MRACMB95A13A717X'),
       (946, '2023-02-10 22:59:15.000000', 144, 'MRACMB95A13A717X'),
       (947, '2023-02-10 23:01:15.000000', 144, 'MRACMB95A13A717X'),
       (948, '2023-02-10 23:03:15.000000', 144, 'MRTLDA01L55C514M'),
       (949, '2023-02-10 23:05:15.000000', 145, 'MRTLDA01L55C514M'),
       (950, '2023-02-10 23:07:15.000000', 145, 'MRACMB95A13A717X'),
       (951, '2023-02-10 23:09:15.000000', 145, 'MRTLDA01L55C514M'),
       (952, '2023-02-10 23:11:15.000000', 145, 'MRTLDA01L55C514M'),
       (953, '2023-02-10 23:13:15.000000', 145, 'MRACMB95A13A717X'),
       (954, '2023-02-10 23:15:15.000000', 145, 'MRTLDA01L55C514M'),
       (955, '2023-02-10 23:17:15.000000', 145, 'MRACMB95A13A717X'),
       (956, '2023-02-10 23:19:15.000000', 145, 'MRACMB95A13A717X'),
       (957, '2023-02-10 23:21:15.000000', 145, 'MRACMB95A13A717X'),
       (958, '2023-02-10 23:23:15.000000', 146, 'MRACMB95A13A717X'),
       (959, '2023-02-10 23:25:15.000000', 146, 'MRTLDA01L55C514M'),
       (960, '2023-02-10 23:27:15.000000', 146, 'MRTLDA01L55C514M'),
       (961, '2023-02-10 23:29:15.000000', 146, 'MRACMB95A13A717X'),
       (962, '2023-02-10 23:31:15.000000', 146, 'MRACMB95A13A717X'),
       (963, '2023-02-10 23:33:15.000000', 146, 'MRACMB95A13A717X'),
       (964, '2023-02-10 23:35:15.000000', 146, 'MRTLDA01L55C514M'),
       (965, '2023-02-10 23:37:15.000000', 147, 'MRTLDA01L55C514M'),
       (966, '2023-02-10 23:39:15.000000', 147, 'MRACMB95A13A717X'),
       (967, '2023-02-10 23:41:15.000000', 147, 'MRTLDA01L55C514M'),
       (968, '2023-02-10 23:43:15.000000', 147, 'MRTLDA01L55C514M'),
       (969, '2023-02-10 23:45:15.000000', 147, 'MRTLDA01L55C514M'),
       (970, '2023-02-10 23:47:15.000000', 147, 'MRTLDA01L55C514M'),
       (971, '2023-02-10 23:49:15.000000', 147, 'MRACMB95A13A717X'),
       (972, '2023-02-10 23:51:15.000000', 147, 'MRACMB95A13A717X'),
       (973, '2023-02-10 23:53:15.000000', 147, 'MRACMB95A13A717X'),
       (974, '2023-02-10 23:55:15.000000', 147, 'MRACMB95A13A717X'),
       (975, '2023-02-10 23:57:15.000000', 147, 'MRTLDA01L55C514M'),
       (976, '2023-02-10 23:59:15.000000', 148, 'MRTLDA01L55C514M'),
       (977, '2023-02-11 00:01:15.000000', 148, 'MRTLDA01L55C514M'),
       (978, '2023-02-11 00:03:15.000000', 148, 'MRTLDA01L55C514M'),
       (979, '2023-02-11 00:05:15.000000', 148, 'MRACMB95A13A717X'),
       (980, '2023-02-11 00:07:15.000000', 148, 'MRTLDA01L55C514M'),
       (981, '2023-02-11 00:09:15.000000', 148, 'MRACMB95A13A717X'),
       (982, '2023-02-11 00:11:15.000000', 148, 'MRACMB95A13A717X'),
       (983, '2023-02-11 00:13:15.000000', 148, 'MRTLDA01L55C514M'),
       (984, '2023-02-11 00:15:15.000000', 149, 'MRTLDA01L55C514M'),
       (985, '2023-02-11 00:17:15.000000', 149, 'MRTLDA01L55C514M'),
       (986, '2023-02-11 00:19:15.000000', 149, 'MRACMB95A13A717X'),
       (987, '2023-02-11 00:21:15.000000', 149, 'MRACMB95A13A717X'),
       (988, '2023-02-11 00:23:15.000000', 149, 'MRACMB95A13A717X'),
       (989, '2023-02-11 00:25:15.000000', 149, 'MRACMB95A13A717X'),
       (990, '2023-02-11 00:27:15.000000', 149, 'MRACMB95A13A717X'),
       (991, '2023-02-11 00:29:15.000000', 149, 'MRACMB95A13A717X'),
       (992, '2023-02-11 00:31:15.000000', 150, 'MRACMB95A13A717X'),
       (993, '2023-02-11 00:33:15.000000', 150, 'MRACMB95A13A717X'),
       (994, '2023-02-11 00:35:15.000000', 150, 'MRTLDA01L55C514M'),
       (995, '2023-02-11 00:37:15.000000', 150, 'MRTLDA01L55C514M'),
       (996, '2023-02-11 00:39:15.000000', 150, 'MRTLDA01L55C514M'),
       (997, '2023-02-11 00:41:15.000000', 150, 'MRACMB95A13A717X'),
       (998, '2023-02-11 00:43:15.000000', 150, 'MRTLDA01L55C514M'),
       (999, '2023-02-11 00:45:15.000000', 150, 'MRTLDA01L55C514M')
ON CONFLICT DO NOTHING;
